"disease_id","disease_name","system","also_known_as","required_image_view","detectable_from_side_image","visual_detectability","regions_to_inspect","key_visual_signs","supporting_visual_signs","posture_gait_behaviour_cues","look_alikes_and_how_to_differentiate","signs_that_argue_against","minimum_evidence_to_report","confidence_rules","severity_and_urgency","risk_context","farmer_question","image_quality_needed","confirmatory_action","notes_for_model"
"D01","Bloat","Digestive & Metabolic","Ruminal tympany; Afara (Hindi); frothy bloat; free gas bloat","Side (LEFT side preferred); rear view helpful","Yes","High","Left paralumbar fossa (hollow between last rib, hip bone and spine); dorsal outline of the abdomen; head and mouth","Left paralumbar fossa filled and BULGING outward instead of hollow; upper left abdomen rising to or ABOVE the level of the backbone; tense drum-like left flank; abdomen asymmetrically larger on the left side when seen from behind","Neck and head extended; mouth open breathing; tongue protruding; drooling saliva; in severe cases both flanks distended; frequent small defecation and urination","Restless, kicking at belly, getting up and lying down; standing with forelimbs on higher ground; abducted elbows; severe cases staggering or recumbent","Late pregnancy: distension is LOW and on the RIGHT/ventral abdomen, fossa not bulging above spine. Well-fed full rumen: fossa filled but flat, not tense or above spine line. Vagal indigestion: 'papple' shape from behind (left upper + right lower distension), chronic. Obesity: fat evenly distributed, fossa not tense. Hydrops of uterus/allantois: bilateral pear-shaped lower abdomen in pregnant cow","Clearly visible hollow (sunken) left paralumbar fossa; calm cow eating or ruminating; distension only in lower belly","Left paralumbar fossa visibly distended and bulging to or above the backbone line","HIGH: left fossa bulging above spine plus distress sign (open mouth, extended neck). MEDIUM: fossa clearly filled and convex but no distress. LOW: only right side visible or abdomen large but fossa not assessable","Emergency if breathing distress or open-mouth breathing (death possible within hours). Moderate if only flank distension","Sudden access to lush legumes (berseem, lucerne), wet green fodder, grain overload, choke (obstruction of oesophagus), tetanus, milk fever","Is your cow eating less? Is your cow's stomach enlarged?","Full-body side image, left side, cow standing, whole abdomen and backline in frame, camera at mid-body height","Vet exam; pass stomach tube to differentiate frothy vs free gas; do not delay if distress","Cannot tell frothy vs free gas from image. If only the right side is visible, state that the left flank is needed and lower confidence. Check for tetanus signs (stiff tail, erect ears) because bloat is common in tetanus"
"D02","TRP","Digestive & Metabolic","Traumatic reticuloperitonitis; hardware disease; foreign body syndrome; traumatic reticulitis; traumatic pericarditis (complication)","Side; front view helpful for brisket","Partial","Low to Medium","Backline; elbows; forelimb stance; left flank fill; brisket and dewlap; jugular vein in neck","Arched back (kyphosis) with ABDUCTED ELBOWS (elbows turned outward away from chest); tucked-up abdomen; reluctance to move; stance with forelimbs placed on higher ground","Sunken left paralumbar fossa (poor rumen fill); mild recurrent bloat; dull coat; weight loss. If traumatic pericarditis: swelling (oedema) of brisket and dewlap, distended jugular veins along the neck","Stiff, careful gait; reluctant to walk downhill or turn; grunting when lying down or getting up; stands for long periods; head and neck extended","Laminitis: arched back but shifting weight between feet, pain in hooves, elbows not abducted. Abomasal ulcer: dark tarry dung. Pleuritis/pneumonia: nasal discharge, abdominal breathing. Ketosis: thin, no pain posture. Tetanus: rigid sawhorse stance with raised tail and erect ears. Hygroma or carpal lesions cause abnormal forelimb stance without arched back","Straight backline with elbows close to chest; normal alert walking; well-filled rumen","Arched back PLUS abducted elbows, OR arched back plus brisket oedema with distended jugular","HIGH: arched back + abducted elbows + brisket/dewlap oedema. MEDIUM: arched back + abducted elbows. LOW: arched back alone (many causes). Never report HIGH from a single sign","Moderate to severe; brisket oedema (pericarditis) indicates advanced and often poor prognosis","Feeding chaffed fodder contaminated with wire, nails; common in Indian stall-fed and stray cattle eating from garbage; late pregnancy and calving increase risk","Is your cow eating less? Is your cow reluctant to move forward?","Full-body side image standing on flat ground, legs and backline visible; front view for brisket","Vet exam: withers pinch test, grunt test, metal detector, rumen magnet, ultrasound or radiography","Visual signs are non-specific; phrase output as 'suspected' and ask the farmer question. Report brisket oedema separately if seen"
"D03","lumpy jaw","Digestive & Metabolic","Actinomycosis; Actinomyces bovis osteomyelitis; big jaw","Face (side profile of head) and side","Partial (only if head is large in frame)","High (with face image)","Lower jaw (mandible) especially at level of cheek teeth; upper jaw (maxilla); cheek; skin over swelling","Hard, bony, immovable swelling of the lower or upper jaw bone, causing obvious facial asymmetry; swelling appears continuous with the bone; one or more draining tracts (openings) discharging thick yellow pus with small gritty 'sulphur granules'","Skin over swelling hairless, scabbed or ulcerated; slow-growing (weeks to months); loose or misaligned teeth; drooling; weight loss in chronic cases","Difficulty chewing, dropping feed (quidding); otherwise alert","Soft-tissue abscess: soft, fluctuant, movable, not attached to bone, grows fast. Wooden tongue: tongue hard and swollen, soft tissue of throat affected, jaw bone normal. Bottle jaw: soft pitting oedema under the jaw (intermandibular space), bilateral, due to worms or low protein. Enlarged submandibular/parotid lymph node: round, behind or under jaw, not bony. Tooth root abscess, bone tumour, LSD nodules (multiple, whole body)","Soft, rounded swelling below (not on) the jaw bone; bilateral symmetrical swelling; rapid onset in days","Visible firm swelling located ON the mandible or maxilla creating facial asymmetry","HIGH: bony jaw swelling + draining tract. MEDIUM: bony-looking jaw swelling without tract. LOW: swelling where bone vs soft tissue cannot be judged","Chronic, non-emergency; progressive and hard to cure if advanced","Coarse, spiny fodder, erupting teeth in young adults, mouth injuries","Is your cow eating less? Is there any swelling in your cow's face?","Close side profile of the head, both jaws visible, good light, ideally both sides for symmetry comparison","Vet exam: palpation, radiograph, pus smear for granules; treatment with sodium iodide and antibiotics","Sheet notes that an abscess photo was actually lumpy jaw; always check whether the swelling sits on bone before choosing abscess"
"D04","listeriosis","Digestive & Metabolic","Circling disease; Listeria monocytogenes encephalitis; silage sickness","Face (front) and side","Partial","Medium","Ears, eyelids, lips and muzzle for one-sided droop; tongue; saliva; head position; body position","ONE-SIDED facial paralysis: drooping ear, drooping upper eyelid, drooping lip on the same side; muzzle pulled toward the normal side; tongue hanging out of mouth; continuous drooling of saliva","Feed packed in the cheek on the paralysed side; head tilted; cloudy eye (exposure keratitis) on paralysed side; dull, depressed look","Walking in circles to one side; leaning or pressing head against wall or post; incoordination; recumbent in late stage with paddling","Otitis media/interna: ear droop and head tilt but cow bright, no drooling or circling. Polioencephalomalacia: blindness, star gazing, head held back, both sides. Rabies: bellowing, aggression, straining, progressive paralysis (zoonotic). Wooden tongue: tongue hard and swollen, not flaccid. FMD: drooling with blisters/erosions in mouth, no facial droop. Choke: drooling with bloat, neck extended. Lead poisoning: blindness, head pressing, convulsions","Face symmetrical (ears, eyelids, lips level on both sides); alert cow; oral blisters present","Asymmetrical face (unilateral droop of ear or eyelid or lip) with tongue protrusion or drooling","HIGH: unilateral droop of 2 or more of ear/eyelid/lip + tongue out or drooling. MEDIUM: one-sided droop + drooling. LOW: drooling or tongue out only","Urgent; needs antibiotic treatment early. Zoonotic: handle with gloves; rule out rabies","Feeding poor quality or spoiled silage; winter/spring; adult cattle","Is your cow eating less? Is the tongue hanging from your cow's mouth?","Straight front view of face showing both ears and eyes level; side view of full body for posture","Urgent vet exam, neurological assessment; CSF analysis; start antibiotics early","Compare left and right side of face carefully; head tilt in the photo can mimic ear droop, so compare eyelids and lips too"
"D05","ketosis","Digestive & Metabolic","Acetonaemia; subclinical/clinical ketosis; nervous ketosis; fatty liver complex","Side (and rear for body condition)","Partial (as risk flag via body condition)","Low","Body condition: spine, ribs, hook and pin bones, tailhead, short ribs (loin); left paralumbar fossa fill; udder size; coat","Low body condition score (BCS 2 or below on 1 to 5 scale): individual ribs clearly visible, sharp spine and short ribs, prominent hook and pin bones, deep hollow around tailhead, sunken paralumbar fossa; in an EARLY LACTATION cow (large udder, recently calved)","Rapid visible weight loss; dull rough coat; empty (sunken) left flank indicating low feed intake; dry firm dung balls","Dull, eats roughage but refuses concentrate; nervous form: excessive licking of skin or objects, chewing movements, head pressing, aggression, staggering","Underfeeding or starvation: whole herd thin, not linked to early lactation. Parasitism/liver fluke: bottle jaw, anaemia. Johne's disease: chronic diarrhoea, not linked to calving. TRP: arched back, abducted elbows. Left displaced abomasum: similar appearance, needs 'ping' test. Tuberculosis: chronic cough. Breed type: dairy breeds (HF, Jersey) are naturally more angular than zebu","BCS 3 or more with good rumen fill; dry cow not in early lactation","Lactating cow (visible developed udder) with BCS 2 or below and sunken left flank","Maximum confidence MEDIUM from image alone. MEDIUM: early lactation + BCS 2 or below + empty rumen + dull. LOW: thin cow only. Always label as 'ketosis suspected, confirm with test'","Moderate; nervous signs are urgent","First 2 to 6 weeks after calving, high yielders, fat cows at calving that lose weight rapidly, twin pregnancy (pregnancy toxaemia), poor energy diet","Is your cow eating less? Did your cow calve in the last 6 weeks?","Full side view and rear view, cow standing square, no blanket; good light to show ribs and bones","Rothera test or ketone strip on urine or milk; blood BHB meter; vet treatment with dextrose, propylene glycol","Sheet criterion: body condition score less than 2. Report estimated BCS in the output. Do not diagnose ketosis in a thin dry cow or a bull"
"D06","Diarrhoea","Digestive & Metabolic","Scours; loose motion; enteritis; dysentery (if bloody)","Side and rear","Yes","High","Tail, perineum, back of the thighs, hocks and hind legs; dung on ground; eyes (dehydration); coat","Liquid or watery dung soiling the tail, perineum and back of hind legs with vertical streaks running down to hocks; watery or pipe-stream dung on ground; wet, matted tail","Dehydration: sunken eyes with gap between eyeball and lid, dry muzzle, tight/tented skin, dull hair; weight loss. Colour clues: black tarry = upper gut bleeding (abomasal ulcer); fresh blood or mucus = dysentery (coccidiosis, salmonellosis, BVD, winter dysentery); yellow-white pasty in calves = calf scours; green frothy = grain or lush pasture","Straining (tenesmus) with arched back and raised tail; weakness; recumbent if severely dehydrated","Mild soft dung on lush pasture: minimal soiling, cow bright. Mud or dried dung on legs from dirty housing: dried, patchy, not fresh streaks. Urine staining: yellow stain below vulva, no faecal material. Vaginal/uterine discharge (metritis): pus or mucus from vulva, stringy, not dung. Blood from vulva after calving","Clean dry tail and hindquarters; formed dung pats on ground","Fresh liquid faecal soiling of tail and hind legs, or watery dung visible","HIGH: fresh liquid soiling + watery dung visible. MEDIUM: fresh soiling only. LOW: old dried soiling (could be dirty housing)","Urgent if blood in dung, severe dehydration (sunken eyes), calf, or recumbent","Sudden feed change, grain overload, worms, coccidiosis in calves, infections (salmonella, BVD, Johne's), toxins","Is your cow having loose motion?","Side view showing hind legs, plus rear view of tail and perineum","Dung examination for worms, coccidia; oral or IV rehydration; vet if blood or dehydration","Always report dung colour and dehydration signs if visible; note any blood specifically"
"D07","Radial nerve paralysis","Musculoskeletal","Radial paralysis; dropped elbow; brachial nerve injury","Side (full forelimb visible)","Yes","High","Elbow height compared with opposite forelimb; carpus (knee); fetlock; hoof position","On one FORELIMB: elbow dropped lower than the other elbow; carpus (knee) and fetlock flexed; limb held behind the normal position with the toe or the front (dorsal) surface of the hoof resting on the ground; limb cannot bear weight","Limb appears longer than the other; abrasion on the front of the fetlock or hoof from dragging; wasting of triceps muscle behind the shoulder in chronic cases","Dragging the toe when walking; stumbles; unable to advance or extend the limb; three-legged lameness","Humerus or elbow fracture: swelling, limb swinging abnormally, extreme pain. Brachial plexus injury: whole limb flaccid, shoulder also dropped. Knuckling of fetlock from contracted tendons (calves) or flexor injury: elbow NORMAL height. Sole ulcer or foot abscess: cow rests toe but elbow position normal and can extend limb. Shoulder lameness","Both elbows at same height; cow bearing weight normally","Dropped elbow on one forelimb with flexed carpus/fetlock","HIGH: dropped elbow + knuckled fetlock + toe dragging on one forelimb. MEDIUM: knuckled forelimb fetlock with elbow position unclear. LOW: forelimb lameness only","Moderate; mild cases recover in weeks; complete injury has guarded prognosis","Prolonged lying on one side on hard floor (after surgery, milk fever, casting), trauma to shoulder, humerus fracture","Is your cow having trouble walking?","Side view with both forelimbs visible from shoulder to hoof, cow standing on flat surface","Vet exam for fracture; supportive splint, anti-inflammatories, padded bedding","Distinguish from D08 Knuckling of fetlock: radial paralysis = forelimb with DROPPED ELBOW"
"D08","Knuckling of fetlock","Musculoskeletal","Fetlock knuckling; contracted flexor tendons (calves); peroneal (fibular) nerve paralysis (hind limb); flexural deformity","Side (lower limbs visible)","Yes","High","Fetlock and pastern of all four limbs; hoof angle; hock angle in hindlimbs","Fetlock joint bent FORWARD so that the pastern is upright or tilted forward and the animal stands on the toe tip or on the front (dorsal) surface of the hoof; front of fetlock abraded","Calves: often bilateral forelimbs from birth (contracted tendons). Adult hindlimb (peroneal paralysis): hock over-straightened (extended) with fetlock knuckled; hoof wall wear on the front; swollen fetlock","Stumbling, dragging toe, walking on front of hoof; may correct momentarily when forced to walk","Radial nerve paralysis: forelimb with dropped elbow. Upward fixation of patella: whole hind limb locked straight and pushed backward. Achilles rupture: hock DROPPED (lower), not straightened. Laminitis or sole ulcer: toe-resting stance but fetlock not flexed forward. Overgrown hooves (slipper feet): long toe, fetlock sinks backward, not forward","Normal pastern angle with heel on ground","Fetlock flexed forward with animal bearing weight on toe or hoof dorsum","HIGH: clearly knuckled fetlock with weight on dorsal hoof. MEDIUM: toe-standing with fetlock angle unclear. LOW: abnormal hoof position only","Moderate; in calves mild cases self-correct, severe need splints","Newborn calves (congenital), lying on hard surfaces after calving, calving injury, injection into nerve area, hind limb trauma","Is your cow having trouble walking?","Side view at ground level showing all four hooves and fetlocks clearly","Vet exam: nerve assessment; splinting, bandaging, physiotherapy","Specify which limb (fore/hind, left/right if visible) is affected"
"D09","Upward fixation of patella","Musculoskeletal","UFP; patellar locking; stifle lock; common in bullocks and buffaloes","Side (hind limbs visible)","Yes","High (when locked at time of photo)","Stifle, hock and fetlock angles of each hind limb; hind limb position relative to body","One hind limb locked in rigid EXTENSION and stretched BACKWARD behind the body; stifle and hock straight and cannot flex; fetlock flexed with the front of the hoof resting or dragging on ground","Abrasion on front of hind hoof or fetlock from dragging; intermittent (limb may unlock suddenly with a jerk); may affect both hind limbs","Limb dragged behind while walking; sudden release with jerky movement; worse when starting to walk after rest, or when walking backward it may release","Peroneal (fibular) nerve paralysis: hock extended and fetlock knuckled but limb not locked backward and can be flexed passively. Spastic paresis (Elso heel): young animal, straight hock, limb swings backward and upward off ground, gastrocnemius tense. Achilles rupture: hock dropped. Hip dislocation: limb shortened, hip asymmetry. Fracture: swelling and abnormal angulation","Hind limbs flexing normally at hock and stifle","Hind limb fixed straight and extended backward with toe dragging","HIGH: hind limb extended backward + straight hock + dorsal hoof on ground. MEDIUM: straight hind limb extended caudally without clear toe drag. LOW: hind lameness only (intermittent condition may be missed)","Moderate; responds well to medial patellar desmotomy surgery","Common in Indian draught bullocks, buffaloes, poor body condition, straight hind limb conformation, working on uneven ground","Is your cow having trouble walking?","Side view with full hind limbs; a short video while walking is ideal because condition is intermittent","Vet exam: manual push of patella; medial patellar desmotomy","Commonly found disease per sheet. A single photo may catch the limb unlocked; if farmer reports intermittent hindlimb dragging, mention UFP as possible"
"D10","Achilles tendon rupture","Musculoskeletal","Gastrocnemius tendon rupture; common calcanean tendon rupture; dropped hock","Side (hind limbs visible)","Yes","High","Hock height and angle; area just above the point of hock (calcaneus); hind digits","DROPPED HOCK: hock of one or both hind limbs sunk much lower than normal and over-flexed, at worst the hock nearly touching the ground (plantigrade stance, standing on the back of the lower leg); swelling above the point of hock","When only gastrocnemius part is ruptured: digits flexed ('crab claw' appearance); skin wound over tendon if trauma; muscle wasting of thigh","Unable to bear full weight on affected limb; crouched hind stance if bilateral; difficulty rising","Tibial nerve paralysis: mild hock drop, no swelling, fetlock knuckles. Tibia or calcaneus fracture: severe swelling, instability, abnormal angle. Hygroma of hock: swelling on side of hock but normal hock angle. Downer cow with gastrocnemius muscle rupture. Upward fixation of patella: hock STRAIGHT, not dropped","Normal hock angle and height matched on both hind limbs","Abnormally lowered and over-flexed hock on a hind limb","HIGH: hock clearly dropped with swelling above the point of hock. MEDIUM: hock lower than opposite limb. LOW: hind lameness only","Severe; poor prognosis in heavy adult cattle, especially if bilateral","Slipping on wet floors, downer cow struggling, wounds from sharp objects, heavy cattle","Is your cow having trouble walking?","Side view with both hind limbs visible to compare hock heights","Vet exam, ultrasonography of tendon; casting or surgery in valuable animals","Compare hock heights between the two hind legs in the image"
"D11","Flying scapula","Musculoskeletal","Rupture of serratus ventralis muscle; dropped sternum; scapular displacement","Side; front and top views helpful","Yes","High","Top edge of shoulder blade (scapula) relative to withers and backline; chest position between forelimbs; elbows","Top edge of one or both shoulder blades pushed UPWARD so it sticks out ABOVE the level of the withers/backline; chest appears to have sunk between the forelimbs","Elbows abducted (pointing outward); bilateral cases show both scapulae raised like 'wings'; recent fall or struggling","Reluctant to walk; wide forelimb stance; shoulder rises further when weight is placed on that forelimb","Zebu (Bos indicus) HUMP: normal fleshy, rounded, midline structure over withers in desi breeds (Gir, Sahiwal, Tharparkar, Ongole) and crossbreds; it is soft and in the midline, NOT a bony edge on the side. Thin cow: scapula prominent but NOT above spinous processes. Shoulder abscess or haematoma: soft swelling, not a raised bony edge","Scapula edge below or level with the withers; symmetrical midline hump in zebu breed","Scapular cartilage/edge visibly projecting above the dorsal spinous processes of the withers","HIGH: scapula edge clearly above backline + lowered chest. MEDIUM: raised scapula in an image angle that could distort height. LOW: prominent withers only","Moderate to severe; bilateral cases have poor prognosis","Falls, slipping, rough handling, downer cows, vitamin E and selenium deficiency (nutritional myopathy)","Is your cow having trouble walking?","Side view at withers height; front view to compare both shoulders","Vet exam; serum CK, vitamin E/Selenium levels; confinement and supplementation","VERY IMPORTANT in India: do not report a normal zebu hump as flying scapula. Identify breed type first"
"D12","Tetanus","Musculoskeletal","Lockjaw; Clostridium tetani infection","Side; face helpful","Yes","Medium to High","Stance of all four limbs; tail; ears; third eyelid; nostrils and lips; left flank; any wound, castration or ring site","'Sawhorse' stance: all four legs stiffly extended and spread apart; tail stiffly raised away from body ('pump handle tail'); ears erect and rigid pointing back; third eyelid protruding over the eye","Bloat (left flank distended) is very common; flared nostrils; retracted lips; head and neck extended; saliva drooling (cannot swallow); recumbent with legs rigidly extended and head bent back (opisthotonus) in late stage; recent wound, castration, dehorning, calving, nose ring or ear tag","Stiff 'wooden' gait; cannot bend neck; exaggerated reaction to sound or touch; spasms; unable to open mouth","Hypomagnesaemia (grass tetany): muscle tremors, paddling, convulsions, recent lush pasture. TRP: arched back, not rigid limbs. Laminitis: shifting weight. Polioencephalomalacia: blindness, star gazing. Strychnine poisoning. White muscle disease in calves: weak, not rigid. Meningitis","Relaxed tail hanging normally; ears mobile; flexing limbs while walking","Sawhorse stance with stiffly raised tail or rigid erect ears","HIGH: sawhorse stance + raised stiff tail + erect ears or third eyelid protrusion. MEDIUM: sawhorse stance + one other sign. LOW: stiff stance only","Emergency; high fatality; keep animal in quiet dark place","Deep wounds, castration, dehorning, calving injuries, nose piercing, unvaccinated animals","Is your cow having trouble walking? Was there a recent wound, castration or calving?","Full-body side view showing tail, ears and all legs; close face image for third eyelid","Urgent vet: tetanus antitoxin, penicillin, wound debridement, sedation","Also report bloat if present. Mention wound site if visible"
"D13","hygroma","Musculoskeletal","Carpal hygroma; knee bursitis; hock bursitis; precarpal bursitis","Side (legs visible); front of knee","Yes","High","Front of carpus (knee) of forelimbs; lateral side of hock; other joints of legs","Round, well-defined swelling on the FRONT of the knee (carpus), less often on the outer side of the hock; size from a lemon to a football; joint shape behind it looks normal","Skin over swelling hairless, thickened or calloused; may be bilateral; usually little lameness unless infected; ulcerated or discharging if septic","Usually walks normally; stiffness if very large; lameness if infected","Septic arthritis: whole joint swollen all around, severe lameness, cow holds limb up. Cellulitis: diffuse swelling extending up/down the leg, hot and painful. Abscess: can be anywhere, often pointing with pus. Fracture: sudden, severe lameness. Tarsal cellulitis/hock sores: ulcerated hock skin from bedding. Tumour","No localised swelling at knee or hock","Well-circumscribed swelling over carpus or hock","HIGH: round swelling over front of knee with normal limb function. MEDIUM: swelling over joint with lameness (could be septic). LOW: unclear leg swelling","Mild to moderate; septic hygroma is more serious","Hard concrete floors, poor bedding, repeated trauma while lying down; carpal hygroma in Indian cattle is linked to BRUCELLOSIS (zoonotic)","Is there any swelling in your cow's leg?","Side and front view showing knees and hocks","Vet exam; test for brucellosis (RBPT, ELISA) before draining; improve bedding","Always add advisory: carpal hygroma may indicate brucellosis; handle discharge with gloves"
"D14","Milk Fever","Musculoskeletal","Hypocalcaemia; parturient paresis; downer cow (at calving)","Side of recumbent cow","Yes (recumbent posture)","Medium to High","Posture and head/neck position; udder; hindquarters; left flank; surroundings (newborn calf, placenta)","Cow lying on sternum (chest) with head and neck turned back and resting on her flank ('head tucked into flank' or S-shaped kink in neck); unable to rise; recently calved (full udder, calf nearby, placenta or discharge)","Dull, sleepy look; dry muzzle; dilated pupils; mild bloat; hind legs stretched out; in stage 3 lying flat on side with bloat. Stage 1 (standing): trembling, shuffling hind legs, stiff","Cannot stand; makes no or weak attempt to rise; stage 1 staggering","Calving paralysis (obturator nerve injury): hind legs splayed outward ('frog-legged'), cow alert. Downer cow syndrome: alert and attempting to crawl after calcium therapy. Toxic mastitis: a swollen hot or discoloured quarter, abnormal milk. Metritis/septicaemia: foul discharge. Hip dislocation or fracture: abnormal limb angle. Hypomagnesaemia: convulsions, paddling. Uterine prolapse: mass from vulva (check)","Cow standing and alert; not recently calved; heifer (rare in first calvers)","Recumbent adult cow around calving time with sternal posture and head turned to flank, or unable to rise","HIGH: sternal recumbency + head to flank + signs of recent calving. MEDIUM: recumbent recently calved cow without head-to-flank. LOW: recumbent cow without calving evidence","Emergency; responds dramatically to IV calcium if treated early; fatal in hours if untreated","Within 72 hours of calving (mostly first 24 h), older cows (3rd lactation+), high yielders, Jersey and crossbreds, high calcium diet in dry period","Is your cow not getting up? Is your cow eating less? Did she calve recently?","Full side view of the recumbent cow including head, udder and hind legs","Immediate vet: IV calcium borogluconate; turn cow every few hours; blood calcium","Check for uterine prolapse in the same image because it often co-occurs"
"D15","Squamous cell carcinoma of eye","Ocular","Cancer eye; ocular SCC; bovine ocular squamous cell carcinoma","Face (close-up of eye)","No (needs close-up)","High (with close-up)","Eyelids, third eyelid (inner corner), junction of cornea and white of eye (limbus), conjunctiva, periocular skin","Raised, pink-red, fleshy or cauliflower-like growth on the eyelid, third eyelid or at the edge of the cornea (limbus); early lesions are white raised plaques; late lesions are large, ulcerated, bleeding, necrotic masses","Tears and discharge; flies and foul smell; lack of pigment around the eye (white face, pink eyelids); older cow; one eye usually","Rubbing eye, head shaking; otherwise normal","Pink eye (IBK): central corneal ULCER and cloudiness, no fleshy growth, young animals. Warts (papilloma): dry grey horny growths on eyelid skin, young animal. Granulation tissue after injury. Lymphoma: eye bulging outward (exophthalmos) rather than surface mass. Eye worm (thelaziasis): worms in conjunctival sac, tearing. IBR conjunctivitis: white plaques on conjunctiva of both eyes with nasal discharge","No growth or plaque on eye structures","Visible proliferative mass or plaque on eyelid, third eyelid or limbus","HIGH: fleshy or cauliflower mass at limbus/third eyelid/eyelid. MEDIUM: white plaque at limbus. LOW: only tearing or redness","Moderate early, severe when large (can spread to lymph nodes); early surgical removal curative","White-faced or unpigmented eyelids (HF crosses, Hereford), high sunlight (UV), older cattle; commonly found per sheet","Is there any excess tears from your cow's eye?","Sharp close-up of the eye(s) with lids open, good natural light, no flash glare","Vet exam, biopsy; surgical excision, cryotherapy, or enucleation","Size and location of mass should be reported"
"D16","Pink eyes","Ocular","Infectious bovine keratoconjunctivitis (IBK); New Forest eye; Moraxella bovis infection","Face (close-up of eye)","Partial (tear staining visible)","High (with close-up)","Cornea (clear front of eye), conjunctiva, eyelids, face below the eye","Excess tears with wet streak/staining running down the face below the eye; squinting (half-closed eye); red, inflamed conjunctiva; cloudy white or blue CENTRE of cornea, often with a white spot or crater (ulcer) in the middle","Blood vessels growing in from the edge toward the centre (red ring); bulging cone-shaped cornea in severe cases; one or both eyes; several young animals in herd affected","Avoids sunlight, keeps eye closed, rubs eye, reduced grazing","Ocular SCC: fleshy mass, older animal. IBR conjunctivitis: white plaques on conjunctiva, cornea opacity starts at edge, nasal discharge, fever. Malignant catarrhal fever: BOTH eyes with cloudiness starting at the edge (limbus), crusty muzzle, high fever, severe illness. Foreign body (grass awn) or trauma: one eye, object may be visible. Eye worm. Theileriosis also causes corneal opacity with enlarged lymph nodes","Clear cornea, no tear staining, eyes fully open","Central corneal opacity or ulcer, or tearing with red eye and squint","HIGH: central corneal opacity/ulcer + tearing. MEDIUM: red eye + tearing + squint without visible cornea change. LOW: tear staining only","Moderate; can cause blindness or corneal rupture if untreated","Summer, flies, dust, tall grass, bright sunlight, young cattle, white face","Is your cow's eye red?","Close-up of eyes, eyelids open, natural light, no flash reflection on cornea","Vet exam, fluorescein stain; antibiotic eye treatment, eye patch, fly control","Flash reflection can look like corneal opacity; check if bright spot is just glare"
"D17","Abscess","Skin, Sensory & Viral","Pus pocket; subcutaneous abscess; injection site abscess","Side, face, back (region of swelling)","Yes (if on visible side)","Medium to High","Neck (injection sites), jaw, shoulder, flank, thigh, limbs, udder","Single (occasionally few) localised, rounded, dome-shaped swelling under the skin, often with a soft centre ('pointing') and hair loss at the top; may be discharging thick creamy yellow, green or white pus","Scab or opening at top of swelling; skin thinning; scar from old injection or wound nearby","Usually normal; lameness if on limb; difficulty eating if near jaw","Lumpy jaw: hard swelling fixed to jaw BONE. Haematoma: sudden appearance after trauma, soft, no pointing. Hernia (umbilical, flank): soft, may reduce when pushed, at typical sites. Hygroma: over the knee or hock specifically. LSD: many smaller firm nodules all over body. Enlarged lymph node: at fixed anatomical sites (in front of shoulder, flank fold, under jaw), often both sides. Warts: surface growth, rough. Tumour","Multiple widespread nodules (think LSD); swelling on jaw bone (think lumpy jaw)","Localised rounded swelling with pointing, hair loss or pus discharge","HIGH: swelling with pus discharge or clear pointing. MEDIUM: single round swelling at common injection or wound site. LOW: swelling of unclear nature","Mild to moderate; severe if near throat (breathing) or in udder","Unhygienic injections, wounds, foreign bodies, Trueperella pyogenes infection","Is there any swelling on your cow's body?","Close-up of the swelling plus a wider shot showing its location on the body","Vet: needle aspirate to confirm pus, lance and flush, antibiotics if needed","Report location of the swelling. Sheet notes a lumpy jaw image was in the abscess folder: check bone involvement"
"D18","lantana toxicity (photosensitization)","Skin, Sensory & Viral","Lantana camara poisoning; hepatogenous (secondary) photosensitization; Ghaneri poisoning","Side; face; udder","Yes","High (on unpigmented skin)","WHITE (unpigmented) skin areas on back, sides, udder, teats; muzzle; eyelids; ears; vulva; eyes and mucous membranes for yellow colour","Skin damage (redness, swelling, oozing, thick crusts, hard leathery skin that cracks and peels off in sheets) ONLY on WHITE / non-pigmented and sun-exposed skin, with a SHARP border where it meets black or brown skin, which stays normal; YELLOW (jaundiced) whites of eyes and gums","Swollen, drooping or curled ear tips; swollen eyelids and muzzle; raw ulcerated muzzle and tongue; cloudy eyes, tearing; peeling teat skin; weight loss; Lantana shrub (bushy plant with multicoloured flower clusters) seen in surroundings","Seeks shade, restless, rubbing, kicking at udder; loss of appetite; constipation","Dermatophilosis: 'paintbrush' crusts not limited to white skin, rainy season. Sunburn: mild, no jaundice. Ringworm: circular grey patches mainly on face and neck. Mange: itchy, thick wrinkled skin, hair loss. LSD: firm round nodules on all skin colours. FMD: blisters in mouth and feet. Burns, chemical irritation. Other photosensitizing plants or liver damage (fasciolosis, aflatoxins)","Lesions equally present on dark and white skin; all-black or all-dark cow with no mucosal jaundice","Crusting, peeling or swollen skin restricted to white patches with sparing of dark patches","HIGH: lesions confined to white skin with sharp border + jaundice. MEDIUM: lesions confined to white skin, no jaundice visible. LOW: skin lesions on white skin but pattern unclear","Severe; liver damage can be fatal; urgent removal from sun and from lantana","Grazing on wastelands, forests and roadsides where Lantana camara grows (very common in India), drought or fodder scarcity, new animals unfamiliar with plant","Is your cow having any skin problem? Does your cow graze near lantana bushes?","Side view showing patches of white and coloured skin; close-up of muzzle, eyes and ears","Vet exam; liver function tests; house in shade; activated charcoal; supportive treatment","The white-skin-only pattern is the single most useful clue. Also report jaundice, which overlaps with D30"
"D19","dermatophilosis","Skin, Sensory & Viral","Streptothricosis; rain scald; Dermatophilus congolensis infection; lumpy wool (sheep)","Side, face, back, udder","Yes","Medium to High","Back and top of body (rain exposed), neck, shoulders, flanks, udder and teats, scrotum, perineum, lower limbs","Multiple raised, thick, crusty scabs with MATTED TUFTS OF HAIR sticking up ('paintbrush' lesions); crusts may join into large irregular crusted areas; when removed, a pink moist base with yellow-green pus is left","Scabs arranged in lines where rain runs down the body; greyish-brown crusts on udder and teats; heavy tick presence in same animal","Usually not itchy; weight loss and weakness in severe generalized cases","Ringworm: round, grey-white, ash-like flat crusts, mainly around eyes, face and neck, calves. LSD: firm round nodules within the skin, not matted-hair crusts, with fever and enlarged nodes. Photosensitization: limited to white skin. Warts: rough cauliflower-like growths. Mange: itchy, hair loss, thick wrinkled skin. Lice: hair loss and rubbing with visible lice","Smooth nodules; single circular lesions only on face","Several raised crusts with tufts of matted hair on dorsal body, udder or limbs","HIGH: many paintbrush crusts in typical distribution. MEDIUM: crusted lesions without clear hair tufts. LOW: patchy skin lesions of unclear type","Mild to moderate; severe generalized cases can cause death in calves","Rainy, humid season; wet animals; tick infestation; skin damage by insects or thorns; crossbred animals","Is your cow having any skin problem?","Close-up of lesions and wider body shot showing distribution","Vet: smear of scab (Giemsa stain shows 'railway track' organisms); antibiotics; keep dry","Sheet notes udder images; inspect udder skin carefully"
"D20","warts","Skin, Sensory & Viral","Papillomatosis; bovine papillomavirus (BPV) warts; teat warts","Side, face; udder for teat warts","Yes","High","Head (around eyes, ears), neck, dewlap, shoulders, whole body; teats and udder","Grey, white or dark, dry, rough, horny growths projecting from the skin, 'cauliflower' or fronded appearance; can be single, clusters, or hundreds; may join into large masses. On teats: small rice-grain, frond-like or flat round warts","Some warts on a stalk (pedunculated); bleeding or infection if damaged; usually young animals 6 months to 2 years","Normally none; milking difficulty with teat warts","LSD: firm, smooth, round flat-topped nodules INSIDE the skin, sudden onset with fever, enlarged lymph nodes, whole body. Ringworm: flat grey crusty circles, not projecting growths. Dermatophilosis: crusts with hair tufts. Ocular SCC: growth on eye structures. Ticks: engorged ticks are smooth, grey, bean-shaped with legs near skin","Smooth, rounded skin nodules with intact hair (LSD)","One or more rough, cauliflower-like skin growths","HIGH: typical cauliflower/fronded growths. MEDIUM: rough raised growths not fully typical. LOW: small bumps of unclear surface","Mild; self-limiting in months in most young cattle","Young cattle; shared equipment, fences, halters; group housing","Is your cow having any skin problem?","Close-up of growths showing surface texture","Vet: removal, autogenous vaccine if extensive","Texture (rough horny vs smooth) is the key to separate warts from LSD"
"D21","tick infestation","Skin, Sensory & Viral","Ticks; Kilni/Chichdi (Hindi); Rhipicephalus (Boophilus) microplus, Hyalomma, Haemaphysalis infestation","Side, face, back; udder","Yes","Medium to High","Inside and edge of ears, neck, dewlap, brisket, armpits, belly, udder and teats, groin, inner thighs, around anus and vulva, under tail, tail switch","Visible attached ticks: small round or oval bumps on skin; engorged females are smooth, grey, bluish or brown, bean or seed shaped (up to about 1 cm); larger ticks with striped legs (Hyalomma) around udder, perineum, tail; clusters at predilection sites","Small bleeding spots, scabs and hair loss where ticks attached; rough coat; poor body condition; pale or yellow eyes if tick-borne disease present","Rubbing, licking, restlessness","Warts: rough surface, fixed growth. LSD nodules: firm, inside skin, larger and more widespread. Dried dung, mud or seed clumps stuck on hair. Flies: have wings, mobile. Skin tags","No attached parasites at predilection sites","At least one clearly visible attached tick","Grade load: MILD fewer than 10 visible; MODERATE 10 to 50; HEAVY more than 50 or dense clusters. HIGH confidence when ticks are clearly in focus","Mild to moderate by itself; heavy load causes anaemia and transmits babesiosis, theileriosis, anaplasmosis","Warm humid season; crossbred and exotic cattle more affected; poor pasture management","Do you see ticks on your cow?","Close-up of ears, dewlap, udder, perineum and tail base in good light","Acaricide treatment (spray or pour-on); treat environment; check for tick-borne diseases","SUPPLEMENT CONDITION: evaluate on EVERY image and report alongside other diseases. If ticks present, raise attention to D29 and D30"
"D22","LSD","Skin, Sensory & Viral","Lumpy skin disease; Capripoxvirus infection; Gaanth rog (Hindi)","Side","Yes","High","Entire skin: head, neck, dewlap, trunk, legs, udder, perineum; prescapular (in front of shoulder) and prefemoral (flank fold in front of stifle) lymph nodes; legs and brisket for oedema; eyes and nose","MULTIPLE firm, round, well-defined raised skin nodules 0.5 to 5 cm across, flat-topped, spread over head, neck, body and legs, hair standing up on the nodules; appear suddenly and in large numbers","Enlarged lymph nodes visible as swelling in front of the shoulder and in front of the stifle; swelling (oedema) of legs, brisket and dewlap; later nodules develop central dead core ('sit-fast'), scabs, deep punched-out ulcers; tears, nasal discharge, drooling; lameness","Dull, reduced feeding, reluctant to move due to leg swelling; milk drop","Pseudo-LSD (bovine herpesvirus 2): superficial lesions with central depression, heal in weeks. Insect bites/urticaria (allergic): soft, sudden, disappear within hours. Warts: rough cauliflower surface. Dermatophilosis: crusts with hair tufts. Ringworm: grey flat circles. Abscess: single, fluctuant. Tick bites. Hypoderma (warbles): nodules only on back with breathing hole, cool season. Besnoitiosis. Photosensitization: white skin only","Only one or two lesions; rough cauliflower growths; lesions limited to white skin","Multiple (roughly 5 or more) firm, round skin nodules distributed over body","HIGH: many nodules over body + enlarged prescapular node or limb oedema. MEDIUM: many typical nodules only. LOW: few nodules or unclear lesions","Severe and NOTIFIABLE; isolate animal, report to government veterinarian; control vectors","Outbreaks in India since 2019 (major 2022); spread by flies, mosquitoes, ticks; unvaccinated cattle; monsoon season","Is your cow having any skin problem? Does your cow have fever?","Full body side view with good light; close-up of nodules","Report to veterinary authority; PCR of nodule or scab; isolate; vaccinate (goat pox / Lumpi-ProVacInd) in-contacts","If LSD is detected, explicitly check and mention enlarged prescapular lymph nodes (overlaps D29)"
"D23","FMD","Skin, Sensory & Viral","Foot and mouth disease; Khurpaka-Muhpaka (Hindi); aphthous fever","Open mouth; face; side (for feet and saliva)","Partial (saliva and lameness)","High (with open-mouth image)","Tongue, dental pad, gums, inner lips, muzzle, nostrils; mouth corners for saliva; feet (between claws, coronary band); teats","Profuse ropy/stringy saliva hanging from the mouth; blisters (vesicles, fluid-filled) or raw red ulcers (erosions) on the tongue, dental pad, gums and lips; shreds of peeling skin on the tongue; blisters or erosions between the claws and at the hoof-skin junction","Foamy saliva around lips; teat blisters; lameness, shaking or kicking feet, lying down a lot; sudden milk drop; panting and rough hair coat in recovered animals ('hairy panters'); multiple animals affected at once","Lip smacking, reluctant to eat or walk, rocking weight between feet","Sheet remark: excess salivation may also be due to CHOKE, ULCER or FOREIGN BODY. Choke: drooling + bloat + neck extended, no mouth lesions. Foreign body in mouth (wire, bone stuck between teeth): object visible, one animal. Oral ulcers (trauma, BVD/mucosal disease): erosions without blisters, diarrhoea. Wooden tongue: hard swollen tongue. Listeriosis: one-sided facial paralysis. Rabies: drooling with behaviour change. Malignant catarrhal fever: bilateral eye cloudiness, crusty muzzle. Bovine papular stomatitis: raised flat red papules on muzzle, mild. Photosensitization/lantana: tongue ulcer + white-skin lesions","Drooling with normal pink tongue and gums; single animal with bloat and extended neck (choke)","Oral vesicles or erosions, OR excessive stringy salivation together with foot lesions","HIGH: oral blisters/erosions + drooling (+ foot lesions). MEDIUM: drooling + lameness, mouth not visible. LOW: drooling only (report as 'excess salivation, cause unconfirmed' and list choke/ulcer/foreign body)","Severe and NOTIFIABLE; highly contagious; isolate, report to government vet","Unvaccinated herds (India vaccinates under NADCP), new animal introduction, animal markets, monsoon and winter outbreaks","Is there any excess salivation? Is your cow limping?","Open-mouth image with tongue visible in good light; close-up of feet between claws","Report to veterinary authority; sample vesicle fluid/epithelium for lab confirmation; isolate; soft feed, antiseptic mouth wash, foot care","Never confirm FMD from saliva alone; always state differential of choke, ulcer or foreign body"
"D24","Fly menace","Skin, Sensory & Viral","Fly infestation; horn fly, stable fly, house fly, face fly, horse fly worry; fly-strike (myiasis)","Side","Yes","Medium to High","Back, withers, shoulders (horn flies); legs (stable flies); face, eyes and muzzle (face and house flies); belly; any wounds","Many visible flies clustered on the body: dark specks concentrated on back, shoulders and belly, on legs, or around eyes and nose; flies feeding on wounds","Fly-bite marks: small bleeding points, crusts, hair loss along belly midline and legs; tear staining with flies at eyes; MAGGOTS in wounds (myiasis) is severe","Constant tail switching, skin twitching, head throwing, foot stamping, bunching together, reduced grazing","Ticks: attached, no wings, do not move away; dirt or dung specks; black skin spots in black/white animals","No flies visible","Clearly visible cluster of flies on the animal","Grade load: LOW fewer than about 50 visible; MODERATE 50 to 200; HEAVY more than about 200 or dense clusters (economic threshold for horn flies about 200 per animal). Report maggots separately as URGENT","Mild to moderate; flies spread pink eye, mastitis, LSD; maggot wounds are urgent","Monsoon and summer, poor dung disposal, wet bedding, wounds","Do you see many flies on your cow?","Side view in good light; close-up of back and face","Insecticide spray or pour-on, fly traps, manure management; wound care for myiasis","SUPPLEMENT CONDITION: evaluate on EVERY image and report alongside other diseases"
"D25","Uterine Prolapse","Udder, Repro","Prolapse of uterus; calving bed out; Bachedani bahar aana (Hindi)","Back (rear) and side","Yes","Very High","Vulva and area behind the cow; hanging mass; surface of mass; cow's posture","Large, bag-like red to purple mass hanging from the vulva, often reaching down to or below the hocks; surface covered with many round button-like or mushroom-like knobs (caruncles) that are pathognomonic","Placenta (membranes) may be attached; mass may be swollen, dirty with dung and bedding, torn or bleeding; dark purple to black colour when prolonged (necrosis); cow may be recumbent (milk fever often co-exists); newborn calf nearby","Straining; restless or lying down; shock (weak, recumbent) in late cases","Vaginal prolapse: smaller, smooth, pink round mass without caruncles, usually before calving (common in buffaloes). Cervical prolapse: ring-like folds. Retained placenta: grey-red strands or sheets of membrane hanging, no solid organ. Rectal prolapse: cylindrical red mass from ANUS (above vulva). Calving in progress: calf feet or head visible in a water bag. Bladder eversion: small, round, with urine drops","Nothing protruding from vulva; only membranes hanging","Large mass protruding from the vulva","HIGH: large mass from vulva with visible caruncles. MEDIUM: large red mass from vulva, caruncles not visible (could be vaginal prolapse). LOW: small protrusion only","LIFE-THREATENING EMERGENCY; call vet immediately; keep mass clean and wet, raise it to vulva level on a clean sheet, prevent cow from trampling","Within hours of calving, difficult calving, milk fever (hypocalcaemia), older cows, retained placenta; commonly found per sheet","Is there any mass hanging from your cow's back?","Rear view showing vulva and mass; side view of whole cow","Emergency vet replacement under epidural anaesthesia, calcium therapy, antibiotics, oxytocin","Distinguish uterine (caruncles, after calving) vs vaginal (smooth, before calving) prolapse explicitly in output"
"D26","mammillitis","Udder, Repro","Bovine herpes mammillitis (BoHV-2); teat skin ulceration; pseudocowpox (related differential)","Udder close-up","Partial (if udder large in frame)","Medium (needs udder image)","Teat skin, udder skin","Teats swollen with blue-purple discolouration, blisters that break into raw ulcers, and THICK DARK brown to black scabs covering large areas of the teat; skin peeling","Several teats and several cows (often first-calvers) affected; udder skin may be involved; mastitis in affected quarters","Cow kicks during milking, resents touching teats","Pseudocowpox: RING or horseshoe-shaped scabs, less painful. FMD: vesicles on teats plus mouth and feet lesions. Teat warts: dry growths. Chapped teats: cracks, dry skin. Photosensitization: white teats only with jaundice. Dermatophilosis: crusts with hair tufts. Teat trauma: single cut. Black pox: ulcer at teat end only","Smooth normal teat skin","Ulcers or thick dark scabs on teat skin","HIGH: extensive dark scabs and ulcers on multiple teats. MEDIUM: ulcers/scabs on one teat. LOW: teat skin change unclear","Moderate; causes milking difficulty and secondary mastitis","Rare in India (per sheet remark); cool season; spread by milker hands and insects","Know your cow's udder health: are there sores or scabs on the teats?","Close-up of all four teats from the side and behind","Vet: swab for virus; teat dips, gentle milking, isolation","Sheet marks it as rare in India; require clear teat lesions before reporting"
"D27","thelitis","Udder, Repro","Inflammation of the teat; teat injury; teat oedema; teat fibrosis/stenosis","Udder close-up","Partial","Medium","Each teat: size, shape, length, colour; teat end; teat canal opening","One or more teats UNEVEN in shape or size compared with the others: swollen, thickened, reddened or deformed teat; hard ring or lump in teat","Teat-end damage (rough, everted, ringed teat end, hyperkeratosis); cracks or cuts; scabs; teat shortened or bent","Pain during milking, milk flow difficulty from one teat","Mastitis: the whole QUARTER (udder part above) swollen, not only the teat. Mammillitis: ulcers and dark scabs on teat skin. Teat warts. Supernumerary (extra) teats: small, normal-looking extra teat. Udder oedema: diffuse, both halves, teats appear short. Normal variation in teat size between front and rear teats","All teats symmetrical and similar in shape","One teat clearly swollen or deformed compared with the others","HIGH: swollen red deformed teat with lesion. MEDIUM: uneven teat shape without other signs. LOW: minor size difference only","Mild to moderate; can progress to mastitis or blind quarter","Poor milking technique, faulty milking machine, teat trauma, dirty floors","Know your cow's udder health: is any teat uneven in shape?","Close-up of the udder from the side and rear with all four teats visible","Vet: teat examination, CMT for mastitis, teat cannula or treatment","Sheet criterion: uneven shaped teats"
"D28","Mastitis","Udder, Repro","Thanela (Hindi); clinical mastitis; gangrenous mastitis; udder infection","Side and udder","Yes (clinical only)","Medium (subclinical not visible)","Udder quarters for symmetry, size and colour; skin of udder; teats; milk if visible","One or more udder quarters visibly SWOLLEN and larger than the others (asymmetry), with red or purplish skin; abnormal milk (clots, flakes, watery, yellow or blood-tinged) if visible","GANGRENOUS mastitis: blue-black, cold skin of a quarter with sharp line between dead and live tissue, oozing, sloughing. CHRONIC: one quarter shrunken and smaller (atrophy/fibrosis). Teat of affected quarter distended; cow dull or recumbent in toxic form","Kicks during milking, stiff hind gait, hind legs spread; recumbency in toxic mastitis","Udder oedema: both halves swollen symmetrically, soft pitting swelling extending forward along the belly, around calving, first calvers. Full udder before milking: symmetrical, normal colour. Udder haematoma or abscess: localised lump. Udder cleft dermatitis: moist foul sore where udder joins belly. Thelitis: only teat affected","Symmetrical udder with normal skin colour","Clear asymmetry with one swollen/discoloured quarter, or visible abnormal milk, or gangrenous skin","HIGH: swollen red/purple quarter + abnormal milk, or gangrenous quarter. MEDIUM: clear asymmetric swelling. LOW: mild asymmetry only (report as 'possible, confirm with CMT')","Moderate to emergency (gangrenous and toxic forms)","Poor milking hygiene, dirty wet bedding, teat injuries, high yielders, early lactation, flies","Know your cow's udder health: is the udder swollen or milk abnormal?","Side and rear view of the udder showing all four quarters; image of milk in strip cup if possible","California Mastitis Test (CMT), strip cup, milk culture; vet treatment","Subclinical mastitis cannot be seen; always recommend CMT when udder issue suspected"
"D29","Pre Scapular Lymph node enlargement in theileriosis","Blood parasite / Systemic","Tropical theileriosis; East Coast fever-like; Theileria annulata; prescapular lymphadenopathy","Side","Yes","Medium","Area just in front of the shoulder blade (lower neck/shoulder junction); flank fold in front of the stifle (prefemoral node); below the ear (parotid node); eyes; skin","Visible oval swelling IN FRONT OF THE SHOULDER (prescapular lymph node) on one or both sides, from egg to fist size, in an animal WITHOUT generalized skin nodules","Swelling of prefemoral and parotid lymph nodes; ticks (Hyalomma) on the body; watery eyes and corneal cloudiness; pale or yellow eyes/gums; nasal discharge; fast breathing; weight loss; small skin haemorrhages","Dull, reduced feeding, weakness, laboured breathing","LSD: enlarged prescapular nodes TOO, but with many firm skin nodules (sheet remark: similar to LSD). Abscess: single, may point and discharge, not at node site. Lymphoma (enzootic bovine leukosis): many enlarged nodes, older cattle, no fever/ticks. Tuberculosis. Trypanosomosis","No swelling in front of shoulder; widespread skin nodules (think LSD first)","Visible swelling at prescapular lymph node site with no LSD nodules, ideally plus ticks","HIGH: prescapular swelling + ticks + pale/yellow eyes or corneal cloudiness. MEDIUM: prescapular swelling + ticks. LOW: prescapular swelling only","Severe; high fatality in crossbred calves without treatment (buparvaquone)","Summer and monsoon; crossbred HF and Jersey highly susceptible; Hyalomma ticks","Is there a swelling in front of your cow's shoulder? Does your cow have fever?","Side view with neck and shoulder well lit","Blood and lymph node smear for Theileria (Koch's blue bodies); vet treatment with buparvaquone","Sheet remark says this can be skipped because it resembles LSD. Recommended handling: report under D30 haemoprotozoan group when LSD nodules are absent"
"D30","babesiosis / theileriosis / anaplasmosis / leptospirosis","Blood parasite / Systemic","Haemoprotozoan diseases; tick fever; red water (babesiosis); gall sickness (anaplasmosis); jaundice complex","Side, face, eye close-up","Partial (needs eye and mucosa close-up)","Medium","White of the eye (sclera), eyelid lining (conjunctiva), gums, vulva lining, white skin of udder/teats; urine if visible; ticks; lymph nodes; body condition","YELLOW colour (jaundice) of the white of the eye, eyelid lining, gums or vulva lining; OR very PALE (porcelain white) mucous membranes indicating anaemia; RED, dark brown or coffee-coloured urine (haemoglobinuria)","Heavy tick load; enlarged prescapular lymph node (theileriosis); corneal cloudiness and tearing (theileriosis); weakness, weight loss; bloody or red milk (leptospirosis); fast breathing","Weak, lagging behind herd, recumbent, may become aggressive in cerebral babesiosis","Within the group: BABESIOSIS = red urine + anaemia + jaundice + ticks. ANAPLASMOSIS = severe anaemia and jaundice WITHOUT red urine, older adults. THEILERIOSIS = enlarged lymph nodes + fever + eye cloudiness. LEPTOSPIROSIS = red urine in calves, abortion, blood-tinged milk (zoonotic). Outside the group: lantana/liver damage (jaundice + white-skin lesions), copper poisoning, postparturient haemoglobinuria (red urine after calving, phosphorus deficiency), bacillary haemoglobinuria, liver fluke (bottle jaw), trypanosomosis","Clean white sclera and pink mucous membranes; clear or straw-coloured urine","Yellow sclera/mucosa, or clearly pale mucosa, or red/coffee coloured urine","HIGH: jaundice or red urine + ticks. MEDIUM: jaundice or pallor alone in a clear, neutral-light image. LOW: colour assessment in yellow-tinted or poor lighting. Report which sub-disease is most likely based on the pattern above","Severe to emergency; red urine and severe pallor can be fatal within days","Tick exposure, summer and monsoon, crossbred cattle, recent movement, flooding (leptospirosis)","Is your cow's eye colour yellow? Is the urine red or dark?","Close-up of eye with lower lid pulled down, in DAYLIGHT without yellow artificial lighting; image of urine if possible","Blood smear (Babesia, Theileria, Anaplasma), PCV/haemoglobin, urine test; leptospira serology; vet treatment (diminazene, imidocarb, buparvaquone, oxytetracycline)","Sheet criterion: eye colour yellow. Warm lighting or camera white balance can make the sclera look yellow: compare with other white objects in the image before reporting. Normal sclera may have a little brown pigment; do not call that jaundice"
"D31","wooden tongue","Digestive & Metabolic","Actinobacillosis; Actinobacillus lignieresii infection; timber tongue","Face and open mouth","Partial (tongue protrusion)","High (with open-mouth image)","Tongue (size, surface, position); mouth; saliva; area under the jaw and throat (lymph nodes)","Tongue SWOLLEN, HARD and protruding from the mouth; nodules, ulcers or granulation lumps on the tongue sides and surface; profuse drooling","Swelling under the jaw and throat (submandibular and retropharyngeal lymph nodes); nodules on lips, cheek or nose; weight loss due to inability to eat; rapid onset (days)","Difficulty picking up and chewing feed, chewing movements, dropping feed; alert otherwise","Lumpy jaw: hard BONY jaw swelling, tongue normal. Listeriosis: tongue hangs out LIMP (paralysed, not swollen) with one-sided facial droop. FMD: vesicles and erosions, peeling tongue skin, foot lesions, many animals. Foreign body in mouth: object visible. Tongue injury. Botulism: limp tongue, whole body weakness. Rabies. Choke","Normal sized soft tongue; drooling with visible blisters (FMD)","Swollen, firm-looking tongue protruding from mouth, or tongue nodules/ulcers","HIGH: enlarged protruding tongue with nodules/ulcers + drooling. MEDIUM: protruding swollen tongue + drooling. LOW: drooling or tongue protrusion only","Moderate; responds well to sodium iodide if treated early; starvation risk","Coarse, stemmy, thorny fodder causing mouth wounds","Is your cow eating less? Is your cow's tongue swollen?","Open-mouth close-up with tongue visible, plus face side view for throat swelling","Vet: palpation (hard tongue), biopsy/culture; sodium iodide IV, antibiotics","Compare with listeriosis (limp tongue) and FMD (vesicles) explicitly"
