Score,Consistency_Class,Sub_Code,Sub_Type_Name,Geometry_3D_Form,Top_Down_2D_Contour_Signature,Central_Dimple_Morphology,Perimeter_Edge_Slope,Texture_And_Moisture_Class,Radial_Bleed_Ring_Extent,Substrate_Floor_Interaction,Surface_Optical_Reflectance,Biological_Sheen_Vs_Flash_Glare_Rule,Colour_Group,Hex_Range,LAB_Centroids,Dietary_Color_Confounder_Disambiguation,Fiber_Mastication_And_Particle_Length,Gas_Bubbles_Foam_Morphology,Mucus_Fibrin_And_Blood_Morphology,Freshness_Vs_Sun_Crust_Gate,Mandatory_Visual_Inclusions,Mandatory_Visual_Exclusions,Primary_Structural_Discriminator,Visual_Lookalike_Discriminator,Strict_Negative_Exclusion_Logic,Camera_Bias_And_Confounder_Gates,Animal_Context_Gate,Diagnosed_Clinical_Condition,Root_Cause_Etiology,Severity,Action_Type_Enum,Vet_Gate,Milk_Withdrawal_Risk,Evidence_Basis,On_Farm_Confirmatory_Check,Actionable_Advice,Re_Scan_Window,Abstain_Escalate_If,Min_Confidence_To_Report
1,Liquid / Watery,1-GRN,Green Liquid / Nutritional Flush,Completely flat zero-form liquid pool (height <= 0.2 in / 5 mm); lateral uncontrolled puddle spread exceeding 12-18 inches; chaotic perimeter splattering.,Uncontained amorphous fluid pool with chaotic radial satellite splash droplets; completely devoid of concentric contour rings or relief.,Completely absent; zero surface relief or structural depression across uniform watery sheet.,"Extremely feathered, irregular boundary; fluid seeps outwards unevenly into substrate at <5 degree slope.",Saturated watery liquid medium; solid particles stay loosely suspended inside free fluid without forming a cohesive matrix.,Immediate wide multi-phase translucent fluid ring soaking > 2.0 inches radially into bedding/concrete/soil.,"On dry concrete: creates deep dark capillary soak halo >2 inches. On straw: liquid instantly drains through, leaving scattered green flakes. On slats: falls through freely.",Diffuse watery liquid sheen across entire puddle; lacks localized oily lipid gloss.,"Natural wet water reflection is broad, soft, and uniform across fluid surface. Flash glare creates sharp white clipping points ([255,255,255]) with halo rings; ignore glare points and inspect fluid boundary.",GRN,#2F5233 Deep Forest -> #556B2F Olive Drab,"#2F5233=(31.5, -20.2, 14.3); #556B2F=(42.2, -18.8, 30.6) | tolerance dE2000<=12 under a calibrated reference; <=20 uncalibrated",Green hue is directly driven by unfermented plant chlorophyll from lush young pasture (ryegrass/berseem/lucerne). Must differentiate from pathological enteritis by verifying absence of foul odor or toxic mucosal sloughing.,Fine powdery green plant micro-particles in suspension (< 1-2 mm); total absence of coarse long fiber.,STRICTLY BUBBLE-FREE. No active gas micro-froth or fermentation foam. Any bubbles present must be ruled out as landing splash bubbles or floor wash-water suds.,"Clean watery plant suspension; ABSENCE of gelatinous mucus casts, ABSENCE of fibrin strings, ABSENCE of blood streaks.",Liquid pools do not crust rapidly; evaporation causes perimeter drying ring within 1 hour. Fresh sample shows active wet spreading.,Fine suspended green plant debris; immediate translucent fluid bleed ring; chaotic low-viscosity perimeter splash.,STRICT ABSENCE of gas bubbles/macro-froth; ABSENCE of discrete blood clots/streaks; ABSENCE of chalky white milk curds; ABSENCE of cohesive stack.,Solids FLOAT in free liquid + immediate wide bleed ring (not height alone).,vs 2-GRN-S: 1-GRN has free liquid separation where particles float and puddle is <0.2 in; 2-GRN-S holds a cohesive 0.2-1.0 in cake-batter sheet without immediate fluid runaway.,IF active gas bubbles or froth are present -> NEVER assign 1-GRN (consider 1-YEL). IF pad has structured thickness > 0.5 in -> NEVER assign 1-GRN (consider 2-GRN-S).,Must confirm green tint is not green fodder splash on top of a normal pat; check that puddle spread is not caused by wash hose-water.,"Adult cattle: grazing lush, young high-protein pasture (berseem, lucerne, spring ryegrass).",Nutritional Dietary Flush / Excess Soluble Protein (excess rumen-degradable protein RDP or sudden spring grass turn-out).,"Sudden unbuffered switch to lush young green fodder (young berseem, lucerne, hybrid Napier, spring ryegrass) containing >22% CP and <15% NDF. High osmolarity flushes water into the rumen and intestines.",MONITOR,FEED_CHANGE,NO,NONE,DOC + WEB-CORROBORATED (excess RDP as a Score 1-2 driver),Check milk urea nitrogen (MUN): elevated confirms RDP excess. Confirm a fodder change in the last 48-72 h.,Restrict lush green fodder for 24-48 h. Rumen mat stabilisation: feed 2-4 kg clean dry wheat or paddy straw before releasing to green pasture.,48 h,No visible bleed ring AND no scale object -> cannot separate from 2-GRN-S; abstain and request angled retake.,0.65
1,Liquid / Watery,1-YEL,Yellow Liquid / Acute Acidosis (Fermentation Failure),Flat zero-form liquid pool (height <= 0.2 in / 5 mm); chaotic perimeter splatter; may show projectile arcing trajectory marks.,Uncontained fluid puddle covered with frothy micro-bubble clusters and oily surface rafts; completely devoid of concentric annular contours.,Completely absent; liquid puddle with active surface gas bubbling and micro-froth.,Feathered and watery with dispersed micro-droplets and projectile splash droplets.,"Broken, chemically curdled emulsion; thin liquid matrix containing floating oily droplets and slimy mucus threads.",Immediate wide fluid bleed ring soaking deeply into concrete (>2.0 inches) or bedding.,On concrete: creates wide wet acidic bleed halo with greasy sheen. On bedding: rapid liquid sinking leaving yellow-tinted frothy residue.,Distinctive frothy micro-bubble film with oily reflective sheen patches on fluid surface.,"Oily reflective patches are diffuse, yellowish, and iridescent due to volatile fatty acid lipid emulsion. Flash glare produces tiny stark white blown-out specks; do not mistake lipid sheen for flash glare.",YEL,#B58900 Mustard/Amber -> #E6B800 Bright Yellow,"#B58900=(59.6, 6.7, 64.6); #E6B800=(76.7, 3.3, 78.9) | tolerance dE2000<=12 under a calibrated reference; <=20 uncalibrated",Yellow/mustard color originates from rapid transit of unabsorbed bile pigments combined with fermented cereal starch. Differentiate from benign corn silage yellow by the MANDATORY presence of active gas bubbles.,Variable; often contains visible whole or cracked unbroken grain kernels (corn/wheat) floating in suspension.,ACTIVE FERMENTATION FROTH: Dense micro-bubble carpet (<1 mm) plus 2-5 mm dome gas bubbles bursting on surface due to hindgut microbial starch fermentation.,Mucin casts and fibrinous slime strands commonly present due to acidic epithelial damage of the colonic mucosa; blood limited to microscopic or fine flecks.,Bubbles burst and disappear within 20-30 minutes of defecation; active froth proves fresh sample (<15 min).,ACTIVE SURFACE FROTH / GAS BUBBLES (macro-bubbles and fine micro-froth); whole/cracked grain kernels; yellowish-mustard discoloration.,STRICT ABSENCE of structured pad; ABSENCE of discrete fresh red blood clots (blood may be present only as fine irritation flecks).,Foam/froth across a zero-form liquid.,vs 1-GRN & 1-P: 1-YEL MUST possess active gas bubble froth across the liquid; 1-GRN and 1-P are strictly gas-free.,IF surface is totally smooth and free of gas bubbles/foam -> NEVER assign 1-YEL. IF dung forms a cohesive pad > 0.5 in -> NEVER assign 1-YEL.,Must rule out floor detergent wash-water foam or rain bubble turbulence; bubbles must originate from intestinal gas fermentation within the fecal matrix.,"Adult lactating cattle: fed high-starch grain, finely ground cereal concentrate, or rapid grain increase.",Acute Rumen Acidosis / Severe Hindgut Fermentation.,"Toxic load of rapidly fermentable carbohydrate (wheat/rice grain overload, excess finely ground concentrate) crashes rumen pH below 5.0. Starch bypasses the rumen and ferments explosively in the caecum and colon.",URGENT,FEED_CHANGE_URGENT + VET_CONSULT,ADVISED,NONE (buffers are feed-grade),DOC + WEB-CORROBORATED (foam and mucin casts as acidosis markers),Count cud-chewing cows at rest (should be > 60% of resting animals). Check for lameness/laminitis and bloat. Confirm a grain or concentrate increase in the last 5 days.,"Remove ALL grain and concentrate from the bunk immediately. Oral antacid / rumen buffer: Magnesium Oxide or Sodium Bicarbonate 200-300 g per cow in warm water, as prescribed by your vet. Free-choice dry straw. Monitor closely for acute laminitis and bloat.",24 h,"Bubbles present but sample is on a wet/washed floor -> abstain, request a clean-surface retake.",0.55
1,Liquid / Watery,1-BLK,Black Tarry / Upper GI Bleeding,Completely flat liquid puddle (height <= 0.2 in); sticky uniform viscosity; tends to pool and adhere tightly to substrate.,"Uniformly dark, viscous puddle with smooth rounded borders; adheres to substrate without high-velocity splashing.",Completely absent; uniform flat tarry liquid surface.,Smooth rounded sticky perimeter that clings to concrete rather than splashing violently (<5 degrees).,"Liquid yet uniquely sticky, viscous and homogenous; stains substrate with deep pigment.",Translucent dark-brown to black staining halo soaking into bedding or concrete.,"Deeply permeates porous concrete or timber, leaving an indelible dark charcoal pigment stain.",Glossy to semi-gloss tarry lacquer sheen; reflects light with a sticky dark sheen.,"Tarry lacquer has a continuous, uniform viscous sheen like wet asphalt. Flash glare appears as bright white geometric reflection points; do not confuse black lacquer body with shadows.",BLK,#1A1A1A Near Black -> #2B1E17 Dark Chocolate / Tarry,"#1A1A1A=(9.3, 0.0, -0.0); #2B1E17=(12.6, 5.1, 7.3) | tolerance dE2000<=12 under a calibrated reference; <=20 uncalibrated",True melena results from hemoglobin oxidation by gastric acid into acid hematin. Differentiate from dark manure caused by high-tannin browse or molasses by checking sticky tarry viscosity and lack of plant fiber.,Amorphous digested matrix; fiber strands are heavily blackened and chemically digested.,Strictly bubble-free. No active fermentation froth.,Blood is 100% chemically digested into black tar; STRICT ABSENCE of fresh red clots. May contain dark viscous coagulated strands.,Tarry blood oxidizes rapidly; fresh melena has a pungent distinct metallic/sweet odor and shiny asphalt look.,Uniform charcoal-black or dark chocolate tarry coloration; sticky substrate staining; dark halo.,STRICT ABSENCE of discrete bright red clots (digested upper GI blood loses red hue); calf age must NOT be 1-3 days.,"Tarry viscosity + dark substrate staining, with NO discrete clots.",vs 1-RED: 1-BLK features fully digested black tar with zero red clots; 1-RED features fresh bright red blood bypassed through lower GI tract.,IF discrete bright red blood clots or streaks are visible -> NEVER assign 1-BLK (assign 1-RED or 5-HBS). IF image is underexposed in shadow -> ABSTAIN rather than call melena.,CRITICAL SHADOW GATE: Underexposure or deep barn shadows can turn normal brown dung black. Color call must be validated against bright reference or abstain.,Adult: any breed. NOT a calf on days 1-3 (see 1-MEC).,Melena / Upper Gastrointestinal Haemorrhage.,"Active bleeding in the abomasum or upper small intestine; haemoglobin blackened by stomach acid and bacterial enzymes over 8+ hours in the GI tract. Causes: perforating abomasal ulcers (frequent in high-stress dairy cattle and grain-transitioning calves), Haemorrhagic Bowel Syndrome.",EMERGENCY,ISOLATE + VET_CALL_NOW,MANDATORY,N/A: vet-directed,"DOC + WEB-CORROBORATED (black/tarry = upper GI bleed, veterinary emergency)","Check mucous membranes (eyes, vulva) for severe paleness indicating anaemia. Check heart rate and for teeth grinding (pain).",EMERGENCY ALERT. Isolate the animal immediately and call a veterinarian. Do not administer any nutritional correction.,"Vet-directed, not photo-directed",Image underexposed (shadow gate fails) -> abstain; NEVER call melena off a dark photo.,0.45
1,Liquid / Watery,1-RED,Bright Red / Lower GI Trauma,Completely flat zero-form liquid pool (height <= 0.2 in) with irregular lateral blood splatters.,"Liquid puddle intermixed with distinct scarlet red streaks, swirls, and gelatinous clots; irregular splatter droplets.",Completely absent.,Chaotic feathered splatter with separate satellite blood droplets.,Watery liquid matrix mixed with gelatinous cohesive clots and liquid fresh blood.,Fluid bleed ring often carries pinkish to reddish translucent fluid staining.,Blood separates into clear serum ring and dark red clot core on concrete. Soaks red into straw bedding.,High wet specular reflection from fresh liquid blood and gelatinous clot surfaces.,Fresh blood has a rich glossy specular wet sheen. Flash glare creates overexposed white patches; evaluate red color in midtones away from glare.,RED,#8B0000 Dark Red -> #D2143A Blood Red,"#8B0000=(28.1, 51.0, 41.3); #D2143A=(45.0, 68.3, 31.8) | tolerance dE2000<=12 under a calibrated reference; <=20 uncalibrated",True hematochezia displays cohesive jelly-like clots or bright scarlet swirls. Rule out red feedstuffs (beetroot pulp) which produce uniform pinkish-purple fluid without gelatinous clots.,Uninformative; fiber particles surrounded by fresh red hematochezia.,"Generally bubble-free; occasional turbulence bubbles from explosive defecation, but lacks fermentation micro-froth.","MANDATORY PRESENCE of discrete bright red blood clots, frank red blood pooling, and bloody mucus shreds.",Blood clots dry and darken to reddish-brown within 30-45 minutes. Fresh clots are bright scarlet.,"DISCRETE BRIGHT RED BLOOD CLOTS, streaks, or liquid blood splatter directly visible to naked eye.",ABSENCE of tarry black melena; ABSENCE of cohesive stacked dung tiers.,Discrete fresh red clots/streaks in a zero-form liquid.,"vs 5-HBS: 1-RED is passed in high volume with liquid watery fecal base; 5-HBS has near-absent volume, dry empty rectum, and thick dark bramble-jelly clots.","IF no bright red clots, streaks, or red liquid are visible -> NEVER assign 1-RED. IF feces are passed as dry pelleted balls -> NEVER assign 1-RED (consider 5-HBS).","Must rule out external blood contamination from tail wound, calving trauma, or red feed dyes (e.g. beetroot waste).",Adult cattle and heifers; VERY common in calves and young stock.,Hematochezia / Lower Gastrointestinal Pathology.,"Active bleeding in the caecum, colon or rectum; blood has bypassed digestion, so tissue damage is immediate and close to the exit. Primary causes: severe Coccidiosis (extremely common and fatal in calves/heifers), acute Salmonellosis, rectal trauma.",EMERGENCY,ISOLATE_BIOSECURITY + VET_CALL_NOW,MANDATORY,YES if antibiotics used: confirm milk withholding with vet,"DOC + WEB-CORROBORATED (bright red streaks = lower GI bleed, veterinary emergency)",Skin-tent test for dehydration. Take rectal temperature (fever points to Salmonella). Count how many animals in the group are affected.,HIGH-BIOSECURITY ISOLATION: Salmonella and Coccidia are highly contagious and ZOONOTIC. Wash hands and boots. Under veterinary supervision: targeted antiprotozoals (e.g. Amprolium for coccidiosis) or broad-spectrum systemic antibiotics for bacterial enteritis. Oral AND intravenous electrolytes for severe dehydration.,"Vet-directed, not photo-directed",Red present but source ambiguous (possible external blood) -> report as EMERGENCY anyway; false positive here is cheap.,0.45
1,Liquid / Watery,1-GRY,Grey Clay / Malabsorption & Liver Failure,Flat zero-form liquid pool (height <= 0.2 in); low viscosity splatter.,"Chalky, dull grey uncontained liquid pool; smooth chalky perimeter without concentric contours.",Completely absent.,Thin feathered watery margin (<5 degrees).,Emulsified watery chalk/clay suspension; distinct lack of bile pigment saturation.,Wide translucent watery bleed ring on concrete (>2.0 in).,Leaves a pale grey/whitish powdery chalk residue as water absorbs into concrete.,Dull chalky wet surface; lacks lipid sheen or golden pigment gloss.,Clay surface is optically matte and diffuse despite moisture. Flash creates localized white glare; differentiate clay body color by examining unclipped midtones.,GRY,#8A8D8F Concrete Grey -> #B0B5B3 Pale Clay,"#8A8D8F=(58.2, -0.8, -0.6); #B0B5B3=(72.6, -1.8, 1.2) | tolerance dE2000<=12 under a calibrated reference; <=20 uncalibrated",Acholous (grey/clay) feces result from total lack of stercobilin (bile pigment). Must differentiate from grey concrete floor dust or lime powder mixed into manure.,Fine unabsorbed micro-particles in liquid suspension.,Bubble-free. No active gas micro-froth.,Clean chalky grey liquid; absence of red blood or fresh clots.,Pale grey color is uniform through the liquid and does not change upon drying.,UNIFORM GREY OR CLAY-LIKE ACHOLOUS COLORATION; zero-form liquid puddle.,"ABSENCE of green, amber, or brown bile pigments; ABSENCE of structured pad.",Acholous grey/clay color in a zero-form liquid puddle.,vs 1-GRN & 1-YEL: 1-GRY lacks green or yellow bile pigment entirely; represents biliary obstruction or severe malabsorption.,IF green or bright yellow bile color is visible -> NEVER assign 1-GRY.,Verify grey color is not concrete powder or lime whitewash on the floor.,Adult cows (liver fluke / cirrhosis / biliary obstruction) or unweaned calves.,Acholous Feces / Severe Hepatic Insufficiency or Complete Malabsorption.,"Complete biliary duct obstruction (Fasciola hepatica / liver flukes), chronic toxic hepatitis, or severe rotaviral villous atrophy in calves leading to total failure of bile pigment excretion.",URGENT,VET_CONSULT,MANDATORY,YES if flukicides or systemic treatments are administered,DOC + WEB-CORROBORATED (acholous/grey feces as biliary/hepatic indicator),Check sclera (whites of eyes) and gums for icterus (yellow jaundice). Check bulk tank or individual fluke antibody ELISA.,"Urgent veterinary diagnosis required. Blood biochemistry for liver enzymes (GGT, AST). Targeted flukicide treatment (e.g. Triclabendazole or Closantel) under veterinary prescription if fasciolosis is confirmed.",48 h,Lighting is monochromatic or heavily blue-shifted -> abstain.,0.6
1,Liquid / Watery,1-P,Parasitic Gastroenteritis / Flukes,Completely flat liquid puddle (height <= 0.2 in); projectile trajectory with wide lateral scatter.,"Uncontained fluid puddle with dirty greenish-brown olive tone, muddy fluid margin, and micro-splatters.",Completely absent.,Irregular feathered watery edge (<5 degrees).,Thin watery fluid with suspended dirty olive/brown fine fibrous sediment.,Immediate wide fluid bleed ring (>2.0 in) soaking into bedding or concrete.,"Readily absorbed into dry dirt paddocks, leaving dirty olive smudge.",Dull watery sheen; lacks the active oily lipid shimmer seen in acidosis.,"Watery surface has flat, uniform reflection. Flash produces discrete white points; distinguish from flat dirty liquid body.",GRN / BRN,#4B5320 Army Olive -> #5C4033 Dark Brown,"#4B5320=(34.8, -5.2, 19.8); #5C4033=(30.2, 11.5, 12.3) | tolerance dE2000<=12 under a calibrated reference; <=20 uncalibrated",Dirty olive/brown tone results from parasitic intestinal wall irritation mixed with digested bile. Differentiate from 1-GRN (bright jade) by its dull muddy tone.,Fine watery sediment; absence of structured rumination fiber.,Strictly bubble-free. Differentiates decisively from acidosis (1-YEL).,Occasional fine mucosal slime threads from abomasal/intestinal irritation; blood absent or microscopic.,Thin liquid dries rapidly into a dark olive crust in sunlight within 45-60 min.,DIRTY OLIVE-BROWN LIQUID POOL; wide fluid bleed ring; absence of foam.,ABSENCE of active gas bubbles/micro-froth; ABSENCE of bright red blood clots.,Dirty olive liquid WITHOUT foam or froth.,vs 1-YEL: 1-P is strictly gas-bubble-free; 1-YEL is covered with active fermentation micro-froth.,IF active surface bubbles/froth are present -> NEVER assign 1-P (assign 1-YEL).,Verify brown-olive tone is not soil contamination from dirt floor.,"Young stock, heifers, or grazing adult cattle on pasture with snail habitats.",Parasitic Gastroenteritis (Ostertagia / Cooperia / Fasciola hepatica).,Type II Ostertagiasis (mass emergence of inhibited L4 larvae from abomasal glands destroying parietal cells) or acute/subacute fasciolosis (liver fluke parenchymal migration).,URGENT,VET_CONSULT + DEWORM,ADVISED,YES: strictly verify withdrawal period for chosen anthelmintic (e.g. Eprinomectin has 0 milk withdrawal; others do not),DOC + WEB-CORROBORATED (parasitic gastroenteritis as chronic Score 1 driver),Perform fecal egg count (FEC / McMaster). Check body condition score (BCS) and submandibular edema (bottle jaw).,Collect composite fecal samples from 5-10 affected animals for laboratory fecal egg count. Administer appropriate anthelmintic / flukicide under veterinary advice. Move group to clean pasture.,7 days post-treatment,Muddy dirt floor obscures fecal fluid boundary -> request concrete/paved retake.,0.6
1,Liquid / Watery,1-WD,Winter Dysentery (Bovine Coronavirus),High-velocity explosive projectile jetting; dark watery fluid sprayed widely (>2-3 feet) across walls and floor.,"Widespread projectile spray patterns, radial jet marks, and dark brown/black liquid puddles.",Completely absent.,Extremely diffuse spray splatter with microscopic atomized droplets.,"Fetid, dark, watery liquid with variable mucous and dark digested blood flecks.",Massive fluid dispersion across barn floor.,"Splattered high on cubicle walls, stall dividers, and tail heads.",Glossy wet dark surface with visible mucus streaks.,Mucus streaks create stringy localized biological gloss. Distinguish from flash glare by irregular wavy lines.,BLK / DK-BRN,#2A1810 Dark Mahogany -> #1C120C Near Black,"#2A1810=(13.2, 8.4, 7.8); #1C120C=(8.5, 4.2, 3.8) | tolerance dE2000<=12 under a calibrated reference; <=20 uncalibrated",Dark mahogany color is due to viral colonic epithelial necrosis and capillary oozing. Differentiate from simple diarrhea by explosive projectile trajectory and barn-wide rapid spread.,Fine digested particulate; lacks structured fiber.,Splatter landing bubbles may be present; lacks active fermentation froth.,Stringy mucus sheets and occasional dark red to brownish-black coagulated blood flecks.,Active explosive diarrhea; dries into dark brown thin varnish on walls.,PROJECTILE JETTING / HIGH-VELOCITY SPLATTER; dark mahogany/blackish watery fluid; mucus shreds.,ABSENCE of cohesive pad; ABSENCE of bright yellow acidic micro-froth.,High-velocity projectile splatter on walls/floor + dark mahogany color.,vs 1-BLK: 1-WD displays explosive projectile velocity and affects multiple housed animals rapidly; 1-BLK is an individual abomasal ulcer pooling quietly.,IF sample is a neat circular pad -> NEVER assign 1-WD.,Include wide shot showing wall splatter or herd context if possible.,Adult housed dairy cows during cold/winter months; rapid herd spread.,Winter Dysentery (Bovine Coronavirus Enteritis).,"Bovine coronavirus replicates in crypt cells of colon and ileum, causing acute epithelial sloughing, sudden profound drop in milk production (30-60%), and explosive diarrhea across 50-90% of the herd.",EMERGENCY,ISOLATE_BIOSECURITY + VET_CALL_NOW,MANDATORY,NONE unless secondary antibiotics prescribed,DOC + WEB-CORROBORATED (bovine coronavirus winter dysentery outbreak dynamics),Check bulk tank volume: acute 30-50% drop confirms herd outbreak. Check for coughing or respiratory signs (coronavirus has dual tropism).,"IMMEDIATE BIOSECURITY LOCKDOWN: Restrict all visitors and vehicles. Disinfect boots and equipment. Provide free-choice fresh water, oral electrolytes, and high-quality palatable hay. Individual severe cases require veterinary fluid therapy.",24 h,Individual calf isolated in pen -> likely rotavirus/coronavirus scour rather than winter dysentery herd outbreak.,0.55
1,Liquid / Watery,1-MYCO,Silage Mycotoxicosis,Flat to borderline thin dispersal pool (height <= 0.3 in); erratic intermittent diarrhea.,"Uncontained fluid puddle with gelatinous, greyish-yellow to dirty brownish hue, featuring floating mucus rafts and whole unabsorbed grain kernels.",Completely absent.,Irregular feathered fluid edge (<5 degrees).,"Mucinous, jelly-like watery fluid; inconsistent broken emulsion with floating intestinal slough rafts.",Wide fluid bleed ring (>2.0 in) with gelatinous oily sheen.,"Fluid drains into bedding, leaving slimy gelatinous residue that sticks to straw.","Irregular greasy, slimy sheen from epithelial mucus and unabsorbed dietary lipids.","Mucus sheets create patchy, glistening highlights. Flash creates pinpoint white glare; look for gelatinous texture under diffuse light.",GRY-YEL / BRN,#7A7049 Khaki / Dirty Olive -> #8B6B43 Ochre Brown,"#7A7049=(47.2, -3.1, 20.4); #8B6B43=(46.5, 10.2, 28.5) | tolerance dE2000<=12 under a calibrated reference; <=20 uncalibrated",Dirty khaki/ochre tone reflects impaired intestinal barrier function and bile breakdown caused by mycotoxins. Must differentiate from simple acidosis by the prominent mucus casts and moldy feed history.,Visible unabsorbed grain fragments and fibrous debris passing through without digestion.,"Occasional erratic gas bubbles, but lacks uniform micro-froth.","PROMINENT MUCIN CASTS: Gelatinous mucus sheets, tubular intestinal lining shreds, and occasional petechial blood flecks.",Gelatinous mucus stays slick and slimy even after surface liquid begins to evaporate.,PROMINENT MUCUS CASTS / SLIME SHEETS in loose watery stool; unabsorbed grain; irregular khaki-brown color.,ABSENCE of healthy green pasture color; ABSENCE of well-formed porridge pad.,Watery stool containing prominent gelatinous mucus sheets / intestinal lining casts.,vs 1-YEL: 1-MYCO is dominated by slimy gelatinous mucosal lining casts rather than active gas micro-froth.,IF no mucus sheets or lining casts are present and froth is absent -> consider 1-GRN or 1-P.,Verify that white/grey slime is intestinal mucus and not spilled milk or silage mold fallen from bunks.,"Dairy cows fed poorly fermented silage, moldy bunk edges, or spoiled brewers grains.",Silage Mycotoxicosis (DON / T-2 / Zearalenone / Fumonisins).,"Trichothecene mycotoxins (Deoxynivalenol, T-2) inhibit protein synthesis in rapidly dividing intestinal crypt cells, inducing apoptosis, destroying tight junctions, and causing extensive sloughing of intestinal mucosa into feces.",WARNING,FEED_CHANGE + TOXIN_BINDER,ADVISED,NONE (unless vet administers supportive medications),"DOC + WEB-CORROBORATED (trichothecene mycotoxins causing diarrhea, mucosal shedding, and immunosuppression)","Inspect silage bunker face for dark, moldy, or hot spots. Smell silage for musty/moldy odor. Check herd bulk milk somatic cell count (SCC) spike.","Discard all visibly spoiled, heated, or moldy silage immediately (never scrape mold into the mixer). Add broad-spectrum mycotoxin binder (yeast cell wall glucomannan + bentonite/clay) to the total mixed ration at 20-50 g/cow/day. Send TMR sample for mycotoxin LC-MS/MS panel.",48 h,Only one isolated cow in clean herd -> rule out foreign body enteritis before claiming herd mycotoxicosis.,0.6
1,Liquid / Watery,1-MEC,Normal Neonatal Meconium,"Dense, highly sticky pasty-to-liquid blob; small total volume (0.5 to 1 cup); clings tenaciously to tail and bedding.","Small localized dark tarry droplet or pasty mass, extremely cohesive and sticky, adhering tightly to bedding or perineum.",Completely absent.,Steep rounded sticky borders.,"Thick, tarry, highly tenacious, resinous paste.",Minimal fluid bleeding; dark viscous amber/black staining halo.,"Adheres tenaciously to straw, wood shavings, and calf hocks; difficult to wash off.",Glossy resinous tarry sheen.,Resinous biological sheen is uniform and sticky. Flash produces localized white glare points; do not confuse with adult melena.,BLK / DK-GRN,#1B261D Dark Pine -> #191410 Black Asphalt,"#1B261D=(14.5, -6.8, 4.2); #191410=(8.2, 2.1, 1.8) | tolerance dE2000<=12 under a calibrated reference; <=20 uncalibrated","Dark color is composed of swallowed amniotic fluid, bile, and epithelial debris accumulated during gestation. Age gate (<72 hours) is MANDATORY to separate from adult melena.",Amorphous; zero dietary forage fiber.,Strictly bubble-free.,Viscous mucous matrix; lacks fresh red blood.,Maintains sticky resinous consistency for several hours.,"CALF AGE < 3 DAYS; small volume, highly sticky blackish-green tarry consistency.",MUST NOT BE ADULT COW; ABSENCE of watery projectile spray; ABSENCE of bright red blood.,"Neonate (<72 h) sticky tarry meconium (physiological, NOT pathological).",vs 1-BLK: 1-MEC is normal physiological meconium in a calf <72 h old; 1-BLK is life-threatening abomasal ulcer bleeding in an adult or older calf.,"IF animal age is > 5 days -> NEVER assign 1-MEC (if black, assign 1-BLK).",Verify calf age; photograph calf tail/rear to confirm neonatal status.,Newborn calf age 0 to 3 days (MANDATORY AGE GATE).,Normal Physiological Meconium Passage.,Normal evacuation of fetal intestinal contents accumulated in utero. Must pass within 24-48 hours to prevent meconium retention.,NORMAL_BASELINE,NONE_CONTINUE_MONITORING,NO,NONE,DOC + WEB-CORROBORATED (neonatal meconium physiology),Confirm colostrum intake (minimum 3-4 liters of high-Brix colostrum within first 2 hours). Check calf vigor and suckle reflex.,Normal healthy finding in newborn calves. Ensure full colostrum feeding protocol is executed. Verify calf passes transitional yellow feces by day 3-4.,24 h (confirm transition to yellow milk feces),Animal is adult cow -> MUST NOT classify as 1-MEC; escalate to 1-BLK.,0.85
1,Liquid / Watery,1-C-S,Pathological Calf Scours,Completely flat watery puddle; loses all structure; widespread splatter over bedding and calf hindquarters.,"Uncontained, pale watery puddle often containing chalky white curd specks or foul yellow-white liquid rings.",Completely absent.,"Completely feathered, fluid running through bedding (<5 degrees).","Watery liquid containing undigested chalky milk curds, floating mucus, or yellow-grey foul fluid.",Complete capillary wicking into straw or shavings.,"Soaks immediately into bedding, leaving tail, hocks, and perineum heavily soaked and crusted.",Wet watery sheen with floating white casein specks.,Casein curds are opaque matte white lumps. Flash glare creates bright specular points; do not confuse flash glare with white milk curds.,YEL / GRY,#D9C88A Pale Straw -> #C2BA9B Chalky Grey-Yellow,"#D9C88A=(79.5, -2.1, 33.2); #C2BA9B=(74.8, -1.2, 16.5) | tolerance dE2000<=12 under a calibrated reference; <=20 uncalibrated","Pale chalky/yellow color reflects rapid milk transit and villous blunting. Differentiate from harmless nutritional scour by sunken eyes, dehydration, and lethargy.",Absence of forage fiber; contains undigested coagulated white milk casein curds.,Occasional small bubbles from bacterial fermentation (E. coli / Cryptosporidium).,Commonly contains slimy mucus ribbons; may contain petechial blood streaks in coronavirus/coccidia.,Soaks into bedding rapidly; monitor calf rear coat wetness.,CALF AGE < 60 DAYS; watery liquid puddle; chalky milk curds or watery yellow/grey color; soiled tail/hocks.,MUST NOT BE ADULT COW; ABSENCE of adult forage fiber.,Watery diarrhea in pre-weaned calf with chalky curds and soiled perineum.,vs 1-MEC: 1-C-S is pale yellow/grey watery scour in calves; 1-MEC is black/dark green tar in first 72 hours.,IF animal is adult ruminant -> NEVER assign 1-C-S.,Verify calf age; photograph calf ear tag and general posture if possible.,Calves aged 3 to 60 days (pre-weaned milk-fed stage).,"Neonatal Calf Diarrhea (Rotavirus, Cryptosporidium, Coronavirus, E. coli, Nutritional Scour).","Enteropathogen infection destroys enterocytes and villus architecture in small intestine, resulting in severe malabsorptive and hypersecretory diarrhea, rapid dehydration, acidemia, and electrolyte depletion.",EMERGENCY,ISOLATE + REHYDRATE_URGENT + VET_CALL,MANDATORY,N/A (pre-weaned calf),DOC + WEB-CORROBORATED (neonatal calf scour etiology and high mortality risk),"Perform skin-tent test on neck (if tent persists > 3 seconds, calf is >8% dehydrated). Check eye recession into orbit and suckle reflex strength.","EMERGENCY REHYDRATION: Do NOT withhold milk. Feed 2 liters of balanced oral electrolyte solution 2-3 hours after milk feeding. If calf is recumbent or refuses to suckle, call vet immediately for intravenous fluid therapy (warm sodium bicarbonate + saline). Isolate calf in dry, warm pen.",12 h,No calf age confirmed AND image shows adult dung pad -> abstain.,0.65
2,Loose Paste,2-GRN-S,Green Paste / Normal Lush Pasture Baseline,Thin flat circular dispersal sheet (height 0.2 - 1.0 in / 5 - 25 mm); spreads outwards smoothly on landing; slight perimeter splatter.,"Wide, smooth circular disk with uniform flat planar surface; completely devoid of concentric annular step-rings or central dimple crater.",Absent or barely suggested; surface self-levels flat without forming concentric ring tiers or crater depression.,Low-angle smooth tapering edge (< 30 degrees); slopes gently down to substrate without steep cliff walls.,Slick loose paste; fiber particles remain uniformly emulsified into the matrix like smooth cake batter.,"Moderate delayed outer bleed ring may form over 5-10 minutes, but core remains cohesive without immediate fluid runaway.","Forms a clean circular green pad on concrete; on pasture grass, perches smoothly across grass tussocks without shattering.","Healthy, natural wet glossy sheen indicating optimal volatile fatty acid (VFA) production.",Biological sheen is continuous and deep across the entire green paste. Flash glare creates intense white clipped dots; read color in areas between specular reflections.,GRN,#2D5A27 Bright Forest -> #3B6E32 Vibrant Jade Green,"#2D5A27=(33.8, -25.2, 22.4); #3B6E32=(41.5, -28.1, 26.8) | tolerance dE2000<=12 under a calibrated reference; <=20 uncalibrated","Vibrant jade green is directly caused by plant chlorophyll from high-quality pasture grazing (ryegrass/clover). In lactating cattle on high-forage grazing, this is 100% PHYSIOLOGICAL AND NORMAL [SAFE].",Finely masticated forage particles (< 0.25 in / < 6 mm); uniform smooth digestion.,STRICTLY BUBBLE-FREE. No active gas micro-froth or fermentation foam.,"Totally clean fecal paste; ABSENCE of mucus sheets, fibrinous casts, or blood streaks.","Under hot sun, surface forms a thin darker green skin within 1-2 hours while underneath remains soft cake batter.",UNIFORM LUSH JADE-GREEN PIGMENT; smooth cake-batter emulsion; glossy wet surface sheen; height 0.2-1.0 in.,STRICT ABSENCE of gas bubbles/froth; ABSENCE of mucus slime sheets; ABSENCE of unchewed long fiber lines; ABSENCE of central volcano dimple.,Flat cake-batter green paste WITHOUT gas bubbles or blood (normal physiological baseline for grazing cattle).,vs 1-GRN: 2-GRN-S is a cohesive paste (0.2-1.0 in) holding its matrix; 1-GRN is a zero-form watery puddle (<0.2 in) with immediate liquid separation.,IF active surface froth/gas bubbles are present -> NEVER assign 2-GRN-S. IF distinct concentric rings and central volcano dimple exist -> NEVER assign 2-GRN-S (assign 3-S-O).,"DIET GATE: Score 2 green paste is normal baseline [SAFE] for cattle grazing high-moisture lush pasture, but indicates a roughage deficit if fed dry forage.",Adult lactating cattle on intensive green pasture grazing.,Normal Physiological Pasture Baseline (High-Yielding Dairy Cow).,"Lush pasture contains high moisture (80-85%), high soluble sugars, and low lignified fiber, resulting in rapid rumen transit and normal loose cake-batter consistency in heavy milkers.",NORMAL_BASELINE,NONE_CONTINUE_MONITORING,NO,NONE,DOC + WEB-CORROBORATED (Zaaijer & Noordhuizen: Score 2 is normal for grazing dairy cows),Confirm cows are grazing lush green pasture. Confirm milk yield and milk fat percentage are stable.,Optimal normal baseline for pasture-grazed dairy cows. Maintain current nutritional program. Provide access to 1-2 kg dry straw/hay if milk fat drops slightly.,Routine weekly monitoring,Animal fed predominantly dry straw/hay diet -> reclassify as 2-GRN-W (roughage deficit warning).,0.85
2,Loose Paste,2-YEL-S,Yellow Paste / Normal Silage & Starch Baseline,Thin flat circular dispersal sheet (height 0.2 - 1.0 in / 5 - 25 mm); smooth uniform spread.,Flat uniform circular golden-yellow/brown paste disk; planar surface lacking concentric step contour rings.,Absent or flat self-leveling sheet; no volcano dimple.,Smooth low-angle bevel (< 30 degrees).,Smooth loose porridge or cake batter; finely digested corn grain and silage fibers cleanly bound.,Narrow delayed fluid halo may appear over 10 minutes on concrete (< 0.5 in).,"Forms a tidy, smooth golden pancake on concrete or rubber barn mats.",Healthy glossy sheen reflecting active ruminal VFA production.,Golden sheen is diffuse and natural. Flash glare produces pinpoint white spots; evaluate absence of bubbles in unclipped areas.,YEL,#C69214 Golden Amber -> #8C6D23 Mustard Brown,"#C69214=(62.5, 9.8, 62.4); #8C6D23=(47.8, 5.2, 42.1) | tolerance dE2000<=12 under a calibrated reference; <=20 uncalibrated",Golden amber hue comes directly from maize silage and whole cottonseed carotenoids. Differentiate from acidosis (2-YEL-A) by the COMPLETE ABSENCE of gas bubbles.,Fine uniform fiber particles (< 0.25 in / < 6 mm); occasionally finely cracked processed corn grain.,"STRICTLY BUBBLE-FREE. Zero gas micro-froth, zero fermentation foam.",Clean fecal matrix; absence of mucus sheets or blood flecks.,Forms a golden-brown surface skin after 1-2 hours of sun exposure.,GOLDEN YELLOW-BROWN COLOR; smooth cake-batter paste; height 0.2-1.0 in; glossy sheen.,STRICT ABSENCE of gas bubbles/foam; ABSENCE of mucus casts; ABSENCE of central volcano crater.,Golden-yellow loose paste WITHOUT gas bubbles or froth (safe silage diet).,vs 2-YEL-A: 2-YEL-S is completely gas-bubble-free; 2-YEL-A contains distinct micro-bubbles and mucin casts indicating subacute acidosis.,IF active surface bubbles/froth are present -> NEVER assign 2-YEL-S (assign 2-YEL-A).,Verify that yellow color is not camera white-balance error under incandescent yellow barn lighting.,High-producing lactating dairy cattle fed corn-silage / TMR diets.,Normal Physiological Silage Baseline (High-Yielding Dairy Cow).,"Corn silage diets rich in starch and moisture support rapid fermentation, resulting in normal Score 2 loose consistency in peak lactation cows without clinical pathology.",NORMAL_BASELINE,NONE_CONTINUE_MONITORING,NO,NONE,DOC + WEB-CORROBORATED (Zaaijer & Noordhuizen: Score 2 normal for high-producing silage cows),Confirm ration is corn silage based. Confirm cud chewing > 55% at rest and stable milk components.,Safe baseline for high-producing dairy cows on corn silage. Continue current ration. Re-evaluate if stool develops gas bubbles or drops to Score 1.,Routine weekly monitoring,Sample possesses micro-bubbles -> escalate immediately to 2-YEL-A.,0.8
2,Loose Paste,2-YEL-A,Yellow Paste / Subacute Acidosis Warning (SARA),Thin flat dispersal sheet (height 0.2 - 0.8 in / 5 - 20 mm); spreads widely with irregular splatters.,"Flat mustard-yellow paste disk exhibiting surface micro-porosity, scattered tiny gas bubble craters, and mucin strands.",Absent; flat surface with scattered tiny gas micro-pores.,Low-angle feathered edge (< 20 degrees).,"Loose, slippery, broken custard consistency; contains unabsorbed grain particles and greasy mucin strands.",Definite multi-phase fluid bleed ring extending 1.0 to 1.5 in on concrete.,"Fluid seeps radially into concrete, leaving an oily yellowish ring around the paste core.",Glossy oily sheen with greasy reflective film patches.,Greasy reflective sheen is spread over broad irregular patches due to mucosal irritation. Flash creates tiny white pinpoints; differentiate oily film from flash.,YEL,#D4A017 Bright Mustard -> #C28B00 Acid Yellow,"#D4A017=(67.8, 9.4, 68.2); #C28B00=(59.1, 14.2, 64.5) | tolerance dE2000<=12 under a calibrated reference; <=20 uncalibrated",Bright mustard/yellow is driven by hindgut fermentation of bypassed starch. Differentiate from safe silage yellow (2-YEL-S) by the MANDATORY presence of micro-bubbles or mucin casts.,Variable; often contains unchewed corn fragments (> 0.25 in) and whole grain kernels.,MANDATORY MICRO-BUBBLES: Scattered fine gas bubbles (0.5 to 2 mm) visible across the paste surface or bursting around the perimeter.,Mucin casts and gelatinous slime sheaths visible as shiny ribbons or cloudy mucous patches.,Micro-bubbles collapse after 20 minutes; scan fresh samples to capture active subacute fermentation.,MUSTARD-YELLOW LOOSE PASTE; presence of GAS MICRO-BUBBLES or MUCIN CASTS; fluid bleed ring.,ABSENCE of structured pad height > 1.0 in; ABSENCE of dark tarry melena.,Yellow loose paste WITH gas micro-bubbles or mucin casts (SARA).,vs 2-YEL-S: 2-YEL-A possesses active micro-bubbles and mucin casts; 2-YEL-S is smooth and completely bubble-free.,IF paste is completely smooth with zero bubbles and zero mucin casts -> NEVER assign 2-YEL-A (assign 2-YEL-S).,Do not confuse concrete floor wash water bubbles with fecal fermentation bubbles.,High-producing dairy cows fed high-concentrate / low-effective-fiber rations.,Subacute Rumen Acidosis (SARA) / Hindgut Starch Acidosis.,"Rumen pH drops below 5.6 for prolonged periods (>3-5 hours/day) due to excessive rapidly fermentable starch or inadequate physically effective NDF (peNDF). Unfermented starch bypasses to the cecum/colon, driving secondary hindgut lactic fermentation and gas production.",WARNING,FEED_CHANGE_URGENT,ADVISED,NONE,"DOC + WEB-CORROBORATED (SARA indicators: bubbly dung, mucin casts, fluctuating intake)",Check for milk fat depression (fat % < protein % indicates SARA). Check for sore feet / subclinical laminitis.,Increase physically effective fiber (peNDF): add 1.0-1.5 kg chopped dry hay or straw (particle length 1-2 inches) to the TMR. Reduce finely ground cereal grains by 10-15%. Add rumen buffer (Sodium Bicarbonate 150-250 g/cow/day). Check TMR mixing time to avoid over-chopping.,48 h,Sample completely flat liquid (<0.2 in) with massive froth -> escalate to acute acidosis (1-YEL).,0.65
2,Loose Paste,2-RDP,Excess Rumen-Degradable Protein / Ammonia Flush,Thin flat dispersal sheet (height 0.2 - 0.8 in / 5 - 20 mm); spreads widely upon impact.,Uniformly dark green circular paste sheet; planar surface lacking step contours; notable wide moisture halo.,Absent or flat self-leveling sheet.,Smooth low bevel (< 25 degrees).,"Very slick, loose, slippery paste; uniform fine emulsion.",Prominent fluid bleed ring extending 1.0 to 2.0 inches on concrete.,Forms a wide dark soak halo into concrete as free water and dissolved ammonia separate.,Glossy wet surface with bright green reflectance.,Natural wet green gloss is even. Flash glare forms white hotspots; ignore hotspots and evaluate overall green saturation.,GRN,#2A5224 Forest Green -> #3E6B35 Olive Green,"#2A5224=(31.2, -22.5, 18.6); #3E6B35=(40.8, -24.1, 23.4) | tolerance dE2000<=12 under a calibrated reference; <=20 uncalibrated",Dark green color originates from rapid transit of lush clover/alfalfa/berseem forage. Differentiate from acidosis by total lack of gas bubbles.,Fine particulate matter (< 0.25 in / < 6 mm); absence of coarse structural fiber.,STRICTLY BUBBLE-FREE. No active gas bubbles or foam.,"Clean loose green paste; absence of mucus casts, absence of blood.",Darkens to olive-black on surface after 1 hour in hot sun.,DARK GREEN COLOR; loose slick paste; distinct fluid bleed ring; height < 1.0 in.,STRICT ABSENCE of gas bubbles/foam; ABSENCE of mucus casts; ABSENCE of blood.,"Loose green paste with prominent fluid bleed ring, completely free of gas bubbles.","vs 2-GRN-S: 2-RDP displays a much wider, aggressive fluid bleed ring and looser consistency driven by high urinary/colonic water flux.",IF gas bubbles or froth are present -> NEVER assign 2-RDP (assign 2-YEL-A or 1-YEL).,Verify green color is not silage mold or green floor algae.,"Adult cows fed high-protein diets (excess soybean meal, raw leguminous fodder, urea).",Nutritional Osmotic Flush / Excess Rumen-Degradable Protein (RDP).,"Excess RDP generates massive ruminal ammonia (NH3), which is converted to urea in the liver. High blood urea nitrogen (BUN) creates an osmotic gradient drawing water into the gastrointestinal tract.",WARNING,FEED_CHANGE,NO,NONE,DOC + WEB-CORROBORATED (excess RDP/MUN relationship with loose fecal consistency),"Test Milk Urea Nitrogen (MUN): if MUN > 16-18 mg/dL, confirms protein overload. Check feed bunk for protein overfeeding.","Balance ration protein to energy ratio: reduce high-solubility protein sources (young lucerne/berseem, excess raw soybean meal) and increase fermentable energy (cracked maize, barley) to enable rumen microbes to capture ammonia into microbial protein.",48 h,No bleed ring visible -> difficult to differentiate from 2-GRN-S.,0.65
2,Loose Paste,2-GRN-W,Loose Runny Paste / Dietary Roughage Deficit Warning,"Abnormally thin, loose, flat pat spreading 12-16 inches (height 0.3 - 0.8 in / 8 - 20 mm).","Wide, flat, unstacked green-brown disk; total failure to stack the characteristic firm concentric rings of structured forage digestion.",Absent or flat self-leveling sheet; firm structured conical center is missing.,Low-angle bevel (< 25 degrees); fails to maintain distinct edge lip.,"Loose, runny paste; too fluid for normal balanced bovine digestive physiology.",Moderate fluid bleed ring extending 0.5 to 1.5 in on concrete.,"Flattens across dirt or stone floor, lacking normal firm cohesive mound shape.",Glossy wet surface sheen.,Natural wet reflection across green-brown paste. Flash creates white specks; evaluate lack of stacking height.,GRN / BRN,#3E542D Olive Forest -> #5C5032 Khaki Brown,"#3E542D=(34.5, -14.2, 18.5); #5C5032=(36.2, 2.1, 19.8) | tolerance dE2000<=12 under a calibrated reference; <=20 uncalibrated","Green-brown color is normal for mixed grazing, but the LOOSE CONSISTENCY indicates insufficient effective fiber.",Fine unformed particulate; lack of effective long rumination fiber.,Bubble-free; lack of active fermentation froth.,Clean loose paste; absence of blood or heavy mucin casts.,Dries to a leathery dark crust after 1 hour under tropical sun.,DRY FORAGE RATION; flat unstacked pat < 1.0 in; abnormally loose watery-paste consistency.,ABSENCE of firm 1.5-2.0 in stack; ABSENCE of discrete central volcano cone.,Score 2 flat loose consistency in cattle requiring structured dry fiber (dietary roughage deficiency).,vs 2-GRN-S: 2-GRN-S is normal for cows grazing lush watery pasture; 2-GRN-W is a roughage warning for cows fed dry forage with inadequate effective fiber.,IF animal is on high-moisture lush spring pasture -> consider 2-GRN-S. IF on dry roughage diet with loose stool -> assign 2-GRN-W.,DIET CONTEXT GATE: Confirm whether animal is on fresh lush green pasture (normal loose) vs dry roughage/straw diet (abnormally loose).,Cattle fed high-moisture greens without adequate dry effective roughage.,Dietary Roughage Deficiency / Effective Fiber Deficit.,"Lack of physically effective fiber (peNDF). When ruminants are fed watery lush fodder without adequate dry roughage, digesta transit is excessively rapid, impairing normal rumen mat formation and digestion.",WARNING,FEED_CHANGE,NO,NONE,DOC + WEB-CORROBORATED (Ruminant fecal scoring: Score 2 on dry roughage rations indicates effective fiber deficit),Check daily dry fodder allowance: cattle require 3-5 kg dry straw or mature hay daily to maintain rumen mat integrity.,Ensure adequate dry roughage: Add 3-4 kg chopped dry straw or hay daily before feeding succulent greens. Reduce watery green fodder by 20-25% to stabilize passage rate.,48 h,Dietary history unavailable -> check if animal is grazing pasture (safe 2-GRN-S) vs stall-fed dry roughage (warning 2-GRN-W).,0.7
2,Loose Paste,2-P,Non-Fermentative Parasitic Paste,Thin flat custard-like spread (height 0.3 - 0.8 in / 8 - 20 mm); spreads evenly across floor.,Flat planar custard-like puddle; muddy brownish-green tone; completely lacks gas bubble pores or contour rings.,Completely absent; flat planar surface.,Low-angle smooth edge (< 25 degrees).,"Loose, unctuous custard or runny porridge consistency; absence of fermentation froth.",Moderate fluid bleed ring extending 0.5 to 1.5 in on concrete.,Spreads smoothly over concrete or dirt; soaks into bedding leaving muddy olive stain.,Dull watery sheen; lacks the glossy lipid shimmer seen in acidosis.,Dull watery reflection. Flash glare produces tiny white pinpoints; look at flat unreflective muddy body.,BRN / GRN,#4E4B32 Muddy Olive -> #594D3B Brownish Khaki,"#4E4B32=(32.8, -2.1, 14.2); #594D3B=(33.5, 4.2, 12.8) | tolerance dE2000<=12 under a calibrated reference; <=20 uncalibrated",Muddy olive-brown color is caused by subclinical parasitic mucosal inflammation. Differentiate from acidosis by the COMPLETE ABSENCE of gas bubbles.,Fine unabsorbed particulate; lack of structured rumination fiber.,STRICTLY BUBBLE-FREE. Complete absence of gas micro-froth.,Occasional fine mucosal slime threads; blood absent or microscopic.,Forms a thin muddy crust after 1 hour in sunlight.,MUDDY OLIVE-BROWN CUSTARD PASTE; height < 1.0 in; absence of gas bubbles; fluid bleed ring.,STRICT ABSENCE of gas bubbles/foam; ABSENCE of bright red blood clots.,Loose custard-like paste WITHOUT gas bubbles (subclinical parasitic enteritis).,vs 2-YEL-A: 2-P is strictly gas-free and muddy brown-green; 2-YEL-A is bright mustard-yellow with active micro-bubbles.,IF active gas bubbles or froth are visible -> NEVER assign 2-P (assign 2-YEL-A).,Verify brown color is not dirt mixed into sample from unpaved floor.,"Grazing dairy cattle, heifers, or young stock on pasture.",Chronic Parasitic Gastroenteritis / Subclinical Helminthiasis.,"Low-to-moderate burden of gastrointestinal nematodes (Ostertagia, Cooperia, Trichostrongylus) or chronic Fasciola hepatica causing continuous low-grade abomasal/intestinal irritation and fluid malabsorption.",MONITOR,VET_CONSULT + DEWORM,ADVISED,YES: confirm milk withdrawal for anthelmintic,DOC + WEB-CORROBORATED (subclinical parasitism causing unthrifty loose dung),Perform fecal egg count (FEC). Check body condition score (BCS) and coat shine.,"Collect composite fecal samples for fecal egg count (FEC). Administer targeted anthelmintic (e.g. Eprinomectin pour-on for zero milk withdrawal, or Albendazole/Fenbendazole for non-lactating stock) under veterinary prescription.",14 days post-treatment,Micro-bubbles present -> reclassify as 2-YEL-A.,0.65
2,Loose Paste,2-JOHNE,Advanced Paratuberculosis (Johne's Disease),Runny custard consistency that spreads flat across concrete (height 0.2 - 0.5 in); chronic unyielding fluid spread.,"Smooth, flat, homogenous pea-soup or pale grey-green watery-paste sheet; completely devoid of concentric contours or crater.",Completely absent; flat self-leveling sheet.,Smooth low-angle bevel (< 20 degrees).,"Smooth, homogenous, unctuous runny custard or pea-soup; completely unformed yet non-fermentative.",Definite fluid bleed ring extending 1.0 to 2.0 in on concrete.,"Spreads flat across floor; typical 'pipe-stream' diarrhea that coats cow's hocks, pin bones, and tail.",Dull watery sheen; lacks healthy VFA gloss.,Dull reflection across pea-soup body. Flash creates white dots; look for pale grey-green color and smooth homogenous texture.,GRY-GRN,#5B684B Pale Khaki Green -> #737D62 Slate Pea-Soup,"#5B684B=(42.5, -9.2, 14.8); #737D62=(50.8, -7.8, 12.4) | tolerance dE2000<=12 under a calibrated reference; <=20 uncalibrated",Pale pea-soup or greyish-green color is caused by severe chronic granulomatous enteritis and fat malabsorption. Differentiate from simple loose pasture dung by the animal's severe emaciation.,Fine unabsorbed particulate; lack of rumination fiber.,STRICTLY BUBBLE-FREE. No active gas bubbles or fermentation foam.,Homogenous runny paste; lacks large blood clots or acute fibrin casts (chronic pathology).,Dries to a dull grey-green film on concrete or cow's coat.,RUNNY PEA-SOUP CONSISTENCY (height < 0.5 in); smooth homogenous texture; absence of bubbles; soiled hocks/tail.,ABSENCE of gas bubbles/froth; ABSENCE of acute blood clots; ABSENCE of structured pad.,Chronic homogenous pea-soup consistency in an emaciated cow (Johne's clinical sign).,"vs 2-GRN-S: 2-JOHNE is thinner, homogenous pea-soup with chronic soiled tail/hocks in a cow showing 'piping' diarrhea and weight loss; 2-GRN-S is healthy pasture dung.",IF animal is thriving in high body condition (>3.5 BCS) -> unlikely Johne's. IF gas bubbles are present -> NEVER assign 2-JOHNE.,Correlate with body condition score (BCS): emaciation / prominent ribs supports Johne's suspicion.,Adult cows aged 3 to 6+ years (peak clinical age for Paratuberculosis).,Clinical Paratuberculosis (Johne's Disease / Mycobacterium avium subsp. paratuberculosis MAP).,"Mycobacterium avium subsp. paratuberculosis (MAP) infects macrophages in ileal and colonic lamina propria, inciting chronic granulomatous enteritis and severe thickening (corrugation) of the intestinal wall, leading to irreversible protein-losing enteropathy and unyielding diarrhea.",EMERGENCY,ISOLATE_BIOSECURITY + VET_CALL_NOW,MANDATORY,N/A: incurable condition; cull candidate,DOC + WEB-CORROBORATED (Johne's disease pea-soup piping diarrhea in adult dairy cows),Check cow's body condition score: profound 'bottle jaw' (submandibular edema) and skeletal emaciation despite bright appetite. Perform MAP serum ELISA or fecal PCR.,"MANDATORY BIOSECURITY ISOLATION: Johne's is chronic, untreatable, and infectious to calves. Isolate cow immediately. Do not feed this cow's colostrum or milk to replacement heifers. Call veterinarian for confirmatory MAP fecal PCR / blood ELISA. If positive, cull animal humanely to protect the herd.",Vet-directed confirmatory testing,Cow is healthy high-yielding animal with good BCS -> reclassify as 2-GRN-S or 2-RDP.,0.55
3,Optimal Porridge,3-S-O,Structured Porridge Pad / Gold Standard Balanced TMR & Silage,Structured circular pad stacking 1.0 to 1.5 inches in vertical height (25-38 mm); displays gentle concentric tiers that self-level cleanly.,"Concentric annular step-rings gently stepping down from perimeter toward a distinct, soft, sunken central crater / dimple like a gently collapsed cake.",PROMINENT SOFT CENTRAL DIMPLE (the decisive structural proof of Score 3); concentric ring tiers slope gently towards the center.,"Well-defined, rounded, self-contained bevel edge (30 to 45 degrees); no splashing or fluid blowout.",Homogeneous porridge / oatmeal consistency; moisture and solids are perfectly emulsified with zero decoupling.,ZERO BLEEDING. No separated fluid pool; perimeter remains cleanly moist without soaking into bedding.,"Stands proud and self-contained on concrete, rubber, or bedding; does not sink or run away.",Natural glossy biological sheen reflecting healthy volatile fatty acid (VFA) production.,"Biological VFA sheen is soft, continuous, and highlights the gentle concentric contours. Flash glare forms harsh clipped white reflection spots; ignore hotspots and look for soft contour gloss.",YEL-GRN / BRN,#5A5B32 Olive Khaki -> #6E6138 Golden Brown,"#5A5B32=(38.5, -4.5, 21.2); #6E6138=(41.8, 4.2, 24.5) | tolerance dE2000<=12 under a calibrated reference; <=20 uncalibrated","Warm olive-khaki to golden-brown color represents optimal balanced digestion of silage, hay, and concentrates. 100% PHYSIOLOGICAL GOLD STANDARD.",Uniformly masticated fibers (0.25 to 0.5 in / 6 to 13 mm); perfectly digested without coarse long forage strands.,"STRICTLY BUBBLE-FREE. Zero gas micro-froth, zero fermentation bubbles.","Pristine fecal matrix; ABSENCE of mucus sheets, ABSENCE of fibrin casts, ABSENCE of blood.","Under direct sun, a thin dry skin forms over 2-3 hours; crack the skin with a boot to reveal moist porridge underneath.",PRESENCE OF CENTRAL DIMPLE + CONCENTRIC RINGS; pad height 1.0-1.5 in; homogeneous porridge texture; glossy sheen.,STRICT ABSENCE of gas bubbles/foam; ABSENCE of mucus slime; ABSENCE of blood; ABSENCE of whole grain kernels; ABSENCE of long fibers >0.5 in.,Concentric rings + soft central dimple with 1.0-1.5 in vertical stack (Penn State Gold Standard).,vs 2-YEL-S: 3-S-O stacks 1.0-1.5 in with central dimple; 2-YEL-S is flat (<1.0 in) without central dimple. vs 4-S-W: 4-S-W stacks >2.0 in with stiff folds and lacks soft dimple.,IF height is < 0.8 in and dimple is absent -> NEVER assign 3-S-O (assign Score 2). IF height is > 2.0 in with deep rigid folds -> NEVER assign 3-S-O (assign Score 4).,FRESHNESS GATE: An old weathered Score 2 pat that has crusted in the sun can mimic Score 3 structure. Verify sample is fresh (<15 mins).,Lactating dairy cattle on balanced Total Mixed Ration (TMR) or silage-based diets.,Gold Standard Optimal Rumen Digestion (Lactating Dairy Cow).,"Perfect biological balance: rumen pH remains steady between 6.0 and 6.4, microbial fermentation is optimal, physically effective fiber (peNDF) and fermentable carbohydrates are synchronized, and digesta transit time is ideal (36-48 hours).",NORMAL_BASELINE,NONE_CONTINUE_MONITORING,NO,NONE,DOC + WEB-CORROBORATED (Penn State Fecal Scoring: Score 3 is ideal target for lactating cows),Confirm herd is at target (>70-80% of milking cows should score 3). Milk production and components are optimal.,"Gold standard target! Maintain current Total Mixed Ration (TMR) formulation, moisture content, and bunk management protocol.",Routine weekly monitoring,"No scale reference AND photo taken straight down -> if central dimple is ambiguous, verify edge bevel.",0.85
3,Optimal Porridge,3-G-O,Structured Porridge Pad / Gold Standard Balanced Pasture & Green Forage,Structured circular pad stacking 1.0 to 1.5 inches in vertical height (25-38 mm); pad diameter 20-25 cm (8-10 in); displays gentle concentric tiers that self-level cleanly.,"Concentric annular step-rings gently stepping down from perimeter toward a distinct, soft, sunken central crater / dimple; homogeneous deep green pasture matrix.",PROMINENT SOFT CENTRAL DIMPLE (the decisive structural proof of Score 3); concentric ring tiers slope gently towards the center.,"Well-defined, rounded, self-contained bevel edge (30 to 45 degrees); no splashing or fluid blowout.",Homogeneous porridge / oatmeal consistency; moisture and green plant solids perfectly emulsified with zero decoupling.,ZERO BLEEDING. Zero separated fluid pool; clean ground contact.,"Stands proud and self-contained on pasture sod, concrete, or bedding; does not sink or run away.",Natural glossy biological sheen reflecting healthy volatile fatty acid (VFA) production on green forage.,"Biological VFA sheen is soft, continuous, and highlights concentric contours. Flash glare forms harsh clipped white reflection spots; ignore hotspots and look for soft contour gloss.",GRN,#2E4A28 Deep Forest -> #3F5E30 Jade Green,"#2E4A28=(29.5, -18.2, 16.5); #3F5E30=(36.8, -21.4, 22.8) | tolerance dE2000<=12 under a calibrated reference; <=20 uncalibrated",Deep green color is driven by high-quality pasture/green fodder chlorophyll with optimal rumen fermentation. Differentiate from 2-GRN-S (which is flat <1.0 in without concentric rings) and 2-GRN-W (which is loose and watery with a bleed ring). 100% PHYSIOLOGICAL GOLD STANDARD FOR PASTURE/GREEN FODDER.,Uniformly masticated green fibers (< 5-8 mm); <3 whole grain kernels per pat; absence of long bypass fibers >13 mm.,"STRICTLY BUBBLE-FREE. Zero gas micro-froth, zero fermentation bubbles.","Pristine fecal matrix; ABSENCE of mucus sheets, ABSENCE of fibrin casts, ABSENCE of blood.","Under direct sun, a thin dry skin forms over 2-3 hours; crack the skin with a boot to reveal moist porridge underneath.",PRESENCE OF CENTRAL DIMPLE + CONCENTRIC RINGS; pad height 1.0-1.5 in (25-38 mm); deep green pasture color; homogeneous porridge texture; zero bleed ring.,STRICT ABSENCE of gas bubbles/foam; ABSENCE of fluid bleed ring; ABSENCE of whole grain kernels >3; ABSENCE of unchewed fibers >13 mm.,Concentric rings + soft central dimple with 1.0-1.5 in (25-38 mm) vertical stack in deep green pasture dung.,vs 2-GRN-S: 3-G-O stacks 1.0-1.5 in with central dimple and concentric rings; 2-GRN-S is flat (<1.0 in) without rings. vs 3-S-O: 3-G-O is rich forest green from fresh pasture/fodder; 3-S-O is olive-khaki/brown from silage/TMR.,IF height is < 0.8 in (<20 mm) and dimple is absent -> NEVER assign 3-G-O (assign 2-GRN-S). IF gas bubbles or bleed ring are present -> NEVER assign 3-G-O (assign 2-GRN-W or 1-GRN).,FRESHNESS GATE: Verify dung is fresh (<15 mins) and not a crusted Score 2 pat. RULE OUT URINE POOLING: Ensure edge bevel is intact.,"Lactating or growing cattle on high-quality managed pasture, green forage (Napier, alfalfa, berseem), or mixed green ration with adequate effective fiber.",Gold Standard Optimal Rumen Digestion (Pasture & Green Forage Feeding).,"Optimal ruminal fiber mat formation, balanced nitrogen-to-fermentable-carbohydrate ratio, stable rumen pH (6.0-6.4), and ideal digesta transit time (36-48 hours) on quality pasture/green fodder diets.",NORMAL_BASELINE,NONE_CONTINUE_MONITORING,NO,NONE,DOC + WEB-CORROBORATED (Penn State & Irish/NZ Dairy Fecal Scoring: Score 3 green pad is ideal target for pasture-fed dairy cows),"Confirm herd is at target (>70-80% of milking cows should score 3). Milk yield, fat % (>3.8%), and protein % (>3.2%) are optimal.",Gold standard target for pasture/green fodder! Maintain current rotational grazing schedule or green-to-dry roughage feeding ratio.,Routine weekly monitoring,"No scale reference AND photo taken straight down -> if central dimple is ambiguous, verify edge bevel.",0.85
3,Optimal Porridge,3-D-O,Firm Cohesive Cake / Gold Standard Dry Forage & Hay Baseline,"Prominent, solid, beautifully defined dung cake stacking 1.5 to 2.0 inches in height (38-50 mm); distinct firm tiers.","Substantial, firm circular dung cake with thick concentric structural rings and a distinct central plateau or gentle indentation.",Distinct central plateau or gentle soft crater; holds firm shape without flattening or slumping.,"Crisp, well-defined rounded rim (45 degree slope); holds its perimeter cleanly against the ground.","Firm, cohesive, dough-like porridge; fiber and moisture perfectly bound without free fluid.",ZERO BLEEDING. Zero water separation; clean ground contact.,"Rests cleanly on dirt, mud, or concrete; can be lifted almost intact as a firm traditional cohesive dung cake.",Healthy semi-gloss sheen indicating active microbial digestion.,Semi-gloss reflection over deep green-brown body. Flash produces bright white points; evaluate firm 3D geometry.,GRN / DK-BRN,#3B4E2B Deep Olive -> #4A3E28 Dark Earth Brown,"#3B4E2B=(31.8, -12.4, 18.5); #4A3E28=(27.5, 4.8, 16.2) | tolerance dE2000<=12 under a calibrated reference; <=20 uncalibrated","Deep olive to rich earth brown reflects efficient digestion of dry forages, hay, and balanced oilcakes. 100% PHYSIOLOGICAL GOLD STANDARD.",Thoroughly masticated fibers (0.25 to 0.5 in / 6 to 13 mm); perfectly digested dry roughage.,STRICTLY BUBBLE-FREE. No gas micro-froth.,Clean cohesive dung matrix; absence of mucus or blood.,Retains moist interior beneath a firm exterior; traditional dung-pat consistency.,FIRM STRUCTURED DUNG CAKE height 1.5-2.0 in; clean rounded rim; zero bleed ring; cohesive fiber matrix.,ABSENCE of liquid runaway; ABSENCE of gas bubbles; ABSENCE of dry segmented pellets (Score 5).,Firm 1.5-2.0 in structured dung cake with clean rim (Dry Forage / Hay Gold Standard).,"vs 3-S-O: 3-D-O is firmer and slightly taller (1.5-2.0 in vs 1.0-1.5 in) reflecting higher dry roughage / hay intake; vs 4-N-W: 4-N-W is dry, hard, and stacks >2.5 in with lignified unchewed straw.",IF pat is loose and flat (<1.0 in) -> NEVER assign 3-D-O (assign 2-GRN-W). IF pat consists of dry separated balls -> NEVER assign 3-D-O (assign Score 5).,Confirm diet: Balanced ration containing adequate dry roughage/hay alongside green fodder and concentrate.,"Healthy adult cattle fed balanced mixed forage (green fodder, dry straw/hay, and protein meal).",Gold Standard Optimal Digestion (Dry Forage & Mixed Roughage Diet).,"Optimal ruminal fiber digestion, ideal digesta retention time (40-50 hours), and high cellulolytic microbial activity on dry forage diets, producing a naturally firm, highly cohesive gold-standard dung cake.",NORMAL_BASELINE,NONE_CONTINUE_MONITORING,NO,NONE,"DOC + WEB-CORROBORATED (Ruminant fecal scoring: firm, cohesive Score 3-3.5 is the healthy physiological target on dry roughage diets)","Confirm consistent daily milk yield, normal rumination (>50 chews per cud bolus), and healthy BCS.","Gold standard baseline! Maintain current balanced feeding of green fodder, dry roughage (straw/hay), and protein concentrate.",Routine weekly monitoring,High-producing cow on high-energy silage -> verify whether firmness represents an energy deficit (reclassify as 4-S-W if stack > 2.0 in).,0.85
4,Stiff Stacked Mound,4-S-W,Dense Stiff Mound / Lactation Energy Deficit Warning,"Dense, heavy, rigid circular mound stacking 2.0 to 3.5 inches in vertical height (50-90 mm); thick stiff concentric rings that fail to self-level.",Tight concentric cliff contours with deep annular shadow crevices; prominent elevated center with sharp rigid folds rather than a sunken dimple.,ABSENT OR CONVERTED TO RIGID CREVICES; mound remains elevated or peaks into a stiff pastry fold rather than a soft dimple.,"Steep, well-defined perimeter walls (> 60 degrees); holds vertical shape rigidly without lateral flow.",Stiff dough-like / thick peanut-butter consistency; reduced moisture; holds a rigid bootprint without filling with fluid.,ZERO BLEEDING. Fluid is tightly bound or over-absorbed in the colon; forms dry surface skin.,Stands tall like a firm pyramid on concrete or bedding; zero soaking into floor.,Dull matte appearance; completely devoid of biological VFA glossy sheen.,Surface is naturally matte and dry. Flash glare creates stark white highlights on ridge tops; do not mistake flash highlights for moisture.,BRN / DK-GRN,#4A3B2C Dark Earth Brown -> #3D4228 Stiff Forest Brown,"#4A3B2C=(27.2, 5.8, 12.8); #3D4228=(28.5, -3.2, 14.5) | tolerance dE2000<=12 under a calibrated reference; <=20 uncalibrated","Dark brown-green color is normal, but the EXCESSIVE STACK HEIGHT (>2.0 in) and matte dryness signal nutritional deficit in a lactating cow.","Coarse, visible unchewed fibrous strands (> 0.5 in / > 13 mm); signals poor rumination or excessive unchopped straw.",STRICTLY BUBBLE-FREE. Complete absence of gas micro-froth.,Clean dry fibrous matrix; absence of blood or acute mucus.,Surface is naturally firm and matte even when fresh; develops surface contraction fissures over 2 hours.,RIGID STACK > 2.0 IN WITH DEEP FOLDS; coarse long unchewed forage strands (>0.5 in); dull matte dry surface.,ABSENCE of soft central self-leveling dimple; ABSENCE of gas froth; ABSENCE of mucus sheets; ABSENCE of isolated horse-like balls (Score 5).,Mound height > 2.0 in with steep cliff edges and coarse long fiber strands (>0.5 in).,vs 3-S-O: 4-S-W stacks >2.0 in with steep cliff edges and unchewed fiber; 3-S-O stacks 1.0-1.5 in with soft central dimple and uniform fine fiber. vs 5-E-M: 5-E-M is broken into discrete separate balls; 4-S-W is a continuous rigid mound.,IF pad has soft central self-leveling dimple and height < 1.5 in -> NEVER assign 4-S-W (assign 3-S-O). IF feces are broken into separate horse-like balls -> NEVER assign 4-S-W (assign Score 5).,"PRODUCTION GROUP GATE: Score 4 is a warning for lactating milking cows, but is normal and safe for dry, non-lactating cows.",Lactating dairy cattle in early to mid-lactation on high-production diets.,Ration Energy Deficit / Excess Undigestible Fiber (Lactating Dairy Cow).,"Diet lacks adequate fermentable carbohydrates or ruminally degradable protein, leading to slowed rumen fermentation, delayed passage rate (>60 hours), and excessive colonic water absorption. Frequently caused by poor silage quality, sorting against concentrate, or overfeeding unchopped straw.",WARNING,FEED_CHANGE,NO,NONE,"DOC + WEB-CORROBORATED (Score 4 in lactating cows indicates rumen under-fermentation, low intake, and energy deficit)",Check for feed bunk sorting: look for rejected coarse straw in the bunk. Check milk yield (drop in peak milk) and milk protein %.,For lactating cows: increase ration fermentable energy and soluble protein. Reduce coarse mature straw/hay. Ensure TMR moisture is 45-50% to prevent cows from sorting out concentrate. Check water trough access and flow rate.,48 h,Cow is confirmed pregnant dry cow -> reclassify as 5-DRY (normal baseline for dry group).,0.75
4,Stiff Stacked Mound,4-N-W,Towering Dry Pyramid / Lignified Fiber & Protein Starvation,"Extremely stiff, towering rigid dung pyramid stacking 2.5 to 4.0 inches in height (60-100 mm); deep fractured crevices.","Dense, rugged dung peak with deep radial fracture crevices and prominent protruding unchewed straw stalks.",Completely absent; replaced by an elevated stiff peak with deep tension crevices.,Near-vertical cliff walls (> 75 degrees); zero lateral slump.,"Dry, hard, fibrous, woody texture; crumbles into coarse straw fragments when pressed.",ZERO BLEEDING. Dry ground contact.,Stands like a solid dry brick on dirt or concrete; does not adhere to floor.,"Bone-dry, totally matte fibrous surface.",Zero biological sheen. Flash glare reflects off dry straw fibers as tiny yellow/white sparkles; do not mistake for moisture.,BRN / GRY,#5A4D3B Dry Kadbi Brown -> #6E6858 Straw Grey,"#5A4D3B=(33.8, 4.2, 14.8); #6E6858=(43.5, 1.8, 10.2) | tolerance dE2000<=12 under a calibrated reference; <=20 uncalibrated",Pale straw brown/grey color is driven by high lignified cellulose and silica from poor straw/stover diets. Color indicates protein starvation.,PROMINENT UNCHEWED FIBER: Coarse straw and stalk fragments > 0.75-1.5 inches (> 20-38 mm) sticking out prominently.,STRICTLY BUBBLE-FREE.,Clean dry fibrous matrix; absence of blood or mucus.,Inherently dry and stiff upon defecation; develops deep shrinkage cracks quickly.,STACK HEIGHT > 2.5 IN; prominent unchewed straw stalks > 0.75 in; bone-dry matte texture.,ABSENCE of soft central dimple; ABSENCE of fluid bleed ring; ABSENCE of discrete pelleted balls.,Towering rigid dung pyramid > 2.5 in with prominent coarse unchewed straw stalks.,"vs 3-D-O: 4-N-W is dry, hard, stacks >2.5 in with visible unchewed straw needles; 3-D-O is a firm, cohesive, healthy dung cake (1.5-2.0 in) with fine masticated fiber.",IF stack is < 2.0 in and easily pliable -> NEVER assign 4-N-W (assign 3-D-O).,Verify that coarse fiber is dung fiber and not straw litter fallen onto sample from bedding.,"Cattle fed solely dry mature crop residues (mature straw, bagasse, dry stalks) without green fodder or protein concentrate.",Nutritional Protein Starvation / Rumen Impaction Risk (High-Lignin Low-Protein Diet).,"Diet consisting solely of mature lignified fiber (<6% crude protein) lacks sufficient nitrogen to sustain cellulolytic rumen microbes. Ruminal fiber digestion halts, transit slows to a crawl (>70 hours), and colonic water reabsorption creates severe dry constipation.",WARNING,FEED_CHANGE_URGENT,NO,NONE,DOC + WEB-CORROBORATED (lignified poor-quality roughage leading to dry hard feces and rumen impaction),Inspect feed: cow is receiving only dry straw without green fodder or oilcake. Check rumen fill and rumen motility (normally 2-3 contractions per 2 minutes; will be sluggish/weak).,"Immediate protein and moisture supplementation required: provide 1-2 kg mustard/cottonseed/groundnut cake or commercial concentrate daily. Add 10-15 kg green succulent fodder (hybrid Napier, berseem). Ensure free-choice drinking water.",48 h,Coarse straw is external bedding dropped on top of pat -> brush off and retake.,0.8
4,Stiff Stacked Mound,4-POISON,Oak / Tannin or Heavy Metal Poisoning,"Very thick, dry, sticky mound passed in small painful quantities (height 1.5 - 2.5 in); holds vertical shape stiffly.","Unusually dark, dense, constricted mound with glistening surface mucus sheaths and tight transverse constriction folds.",Completely absent; constricted stiff mound.,"Steep, abrupt perimeter walls (> 60 degrees).","Dense, rubbery, sticky, and tenaciously cohesive; difficult to break apart.",ZERO BLEEDING. Fluid completely absent.,Clings tenaciously to concrete in small constricted piles.,"Glossy mucous sheen over a dark, charcoal-brown body.",Tenacious mucous coating creates localized shiny streaks. Flash glare creates white points; look at dark body and mucus streaks.,BLK / DK-BRN,#231B15 Charcoal Brown -> #1A140E Near Black,"#231B15=(11.5, 3.2, 5.8); #1A140E=(8.2, 1.8, 3.2) | tolerance dE2000<=12 under a calibrated reference; <=20 uncalibrated","Very dark color is caused by condensed tannins, iron salts, or early mucosal blood. Differentiate from simple dark browse by the severe constipation and colic signs.",Dense compacted fine fiber; lacks normal porosity.,STRICTLY BUBBLE-FREE.,MANDATORY MUCOUS ENVELOPE: Surface coated in a distinct translucent to cloudy mucus sheath due to colonic straining (tenesmus).,"Maintains rubbery, sticky texture for several hours.",VERY DARK CHARCOAL-BROWN TO BLACKISH COLOR; stiff constricted mound; prominent surface mucus sheen; small volume.,ABSENCE of liquid pooling; ABSENCE of gas bubbles; ABSENCE of green pasture color.,Stiff dark charcoal mound with prominent glistening mucus coating (tannin/toxic constipation).,"vs 1-BLK: 4-POISON is stiff, dense, and stacked (height >1.5 in) with mucus; 1-BLK is completely flat liquid (<0.2 in).",IF sample is liquid watery puddle -> NEVER assign 4-POISON (consider 1-BLK).,SHADOW GATE: Ensure dark color is genuine pigment and not deep barn shadow.,"Grazing cattle with access to scrub oak (Quercus), acorns, industrial run-off, or bracken fern.",Oak / Quercus Tannin Toxicity or Heavy Metal (Lead/Arsenic) Intoxication.,"Hydrolysable tannins (gallotannins) bind mucosal proteins in the gastrointestinal tract and are metabolized to gallic acid and pyrogallol, causing severe nephrotoxicity, hepatotoxicity, and GI stasis characterized by severe initial constipation followed by hemorrhagic diarrhea.",EMERGENCY,ISOLATE + VET_CALL_NOW,MANDATORY,N/A: emergency toxicology,DOC + WEB-CORROBORATED (Quercus oak toxicity initial obstipation and mucous-coated dung),"Check pasture for scrub oak, fallen acorns, or industrial waste. Check cow for teeth grinding, depression, arched back (abdominal pain), and dark urine.","EMERGENCY VETERINARY CALL: Remove cows from oak/pasture source immediately. Veterinary administration of mineral oil / laxatives, oral activated charcoal, calcium hydroxide (tannin antagonist), and aggressive IV fluid therapy to prevent acute kidney failure.",Vet-directed,Shadow obscures color -> verify under bright light before declaring toxicity.,0.6
5,Dry Pelleted / Segmented,5-E-M,Metabolic Shock / Post-Calving Gut Stasis,"PELLETED SEGMENTATION. Normal circular pat structure is 100% LOST. Passes as discrete, segmented, flattened oval balls or clumps stacking 2.0 to 4.0 inches in height.","Cluster of individual, discrete, non-cohesive balls or oval nodules resembling equine or camelid manure; complete absence of a continuous circular pat disc.",Completely absent; pat cohesion has completely broken down into separate individual balls.,Discrete isolated ball margins (> 80 degrees); individual pellets tumble freely.,"Firm, dense, fibrous dry balls; crumbles into dry chunks or fibrous powder under footwear.",ZERO BLEEDING. Severe colonic water reabsorption has removed all free moisture.,Rolls freely across dry concrete or bedding like horse droppings; zero adherence.,Dull dark brown to slate grey-black; may show faint superficial mucous sheen from colonic straining.,Faint mucosal sheen from colonic straining is localized to pellet margins. Flash glare reflects off dry fibrous facets as white sparkles; evaluate distinct pellet geometry.,BRN / DK-GRY,#3B3226 Dark Umber -> #2E2922 Slate Charcoal Brown,"#3B3226=(21.5, 4.2, 8.5); #2E2922=(17.2, 1.8, 5.2) | tolerance dE2000<=12 under a calibrated reference; <=20 uncalibrated",Dark slate brown color reflects prolonged retention in the colon (>72 hours). The PELLETED MORPHOLOGY is the decisive pathological marker.,"Dry, compacted, tightly compressed fiber strands; crumbles into fibrous chunks under pressure.",STRICTLY BUBBLE-FREE.,Pellets frequently carry a thin glistening mucous glaze deposited during painful straining in the terminal rectum.,Pellets are formed INSIDE the rectum prior to defecation; dry interior confirms true clinical stasis rather than surface weathering.,DISCRETE OVAL PELLETED BALLS / SEGMENTED LUMPS resembling horse manure; total loss of pat cohesion.,ABSENCE of continuous flat or stacked pat; ABSENCE of jagged cracked surface fissures.,Segmentation into discrete horse-like fecal balls (gut stasis / LDA / milk fever).,vs 5-E-D: 5-E-D retains continuous pat outline with deep through-fissures from heat dehydration; 5-E-M has completely lost pat outline into discrete separate balls.,IF dung forms a continuous circular pat or pancake -> NEVER assign 5-E-M. IF dung is liquid or pasty -> NEVER assign 5-E-M.,"FRESH COW GATE: Must determine if cow is within 30 days post-calving (LDA/milk fever risk). If dry cow, reclassifies to 5-DRY.",Freshly calved dairy cows (0 to 30 days in milk DIM); high risk for metabolic disease.,Metabolic Shock / Severe Cecal Atony & Gut Stasis (Left Displaced Abomasum LDA / Hypocalcemia / Ketosis).,"Profound reduction in gastrointestinal motility (abomasal/ruminal atony) caused by hypocalcemia (subclinical milk fever), endotoxemia (acute metritis/mastitis), or anatomical obstruction (Left Displaced Abomasum LDA). Digesta resides in the colon for >72-96 hours, desiccating into discrete horse-like balls.",EMERGENCY,VET_CALL_NOW + CLINICAL_EXAM,MANDATORY,YES if systemic antibiotics or surgical drugs administered,"DOC + WEB-CORROBORATED (fecal balls / equine-like dung in fresh cows as classic sign of LDA, cecal dilation, or severe hypocalcemia)","EMERGENCY FRESH COW EXAM: Auscultate left flank with stethoscope and flick ribs for high-pitched musical 'ping' (confirms LDA). Check rectal temperature, test urine/milk for ketone bodies (BHB > 1.4 mmol/L confirms ketosis), and assess ear temperature (cold ears = hypocalcemia).",EMERGENCY VETERINARY ATTENTION REQUIRED. Do not force-feed grain. Check for LDA surgery requirement. Administer IV/subcutaneous calcium borogluconate under veterinary direction if hypocalcemic. Drench with oral rehydration fluids and propylene glycol for ketosis.,Vet-directed,Cow is confirmed healthy dry cow -> reclassify as 5-DRY.,0.65
5,Dry Pelleted / Segmented,5-E-D,Severe Dehydration / Indian Summer Crisis,"Hard, dense, fractured dung chunks stacking 2.0 to 3.5 inches in vertical height (50-90 mm); deep through-fissures penetrate the entire mass.","Continuous circular pat outline shattered by deep, gaping through-and-through fracture canyons into irregular polygonal blocks.",Completely absent; shattered into deep fracture crevasses.,Steep fractured vertical cliff walls (> 75 degrees).,"Hard, dense, moisture-depleted fibrous blocks; dry throughout.",ZERO BLEEDING. Zero moisture transfer to substrate.,Sits like hard cracked clay or dry peat on concrete or dirt floor.,"Chalky, dull, desiccated matte appearance.",Completely non-reflective matte surface. Flash produces white glints on dry fibrous edges; verify total absence of wet sheen.,BRN / YEL-BRN,#5B442B Baked Clay Brown -> #7A623E Dried Earth Khaki,"#5B442B=(31.8, 8.4, 18.5); #7A623E=(42.5, 6.8, 24.2) | tolerance dE2000<=12 under a calibrated reference; <=20 uncalibrated",Baked clay color reflects severe whole-body dehydration and colonic water extraction.,"Dry, brittle, compressed straw fibers; crumbles into dry powder under footwear.",STRICTLY BUBBLE-FREE.,Dry fibrous matrix; occasional thin dry mucus glazing.,"FRESHNESS GATE IS CRITICAL: Break open a chunk with a stick: in true 5-E-D, the INTERIOR is completely dry and fractured. In a sun-baked normal pat, the interior remains soft and moist!",DEEP THROUGH-AND-THROUGH FRACTURE CREVICES; hard dry polygonal blocks; total absence of free moisture in interior.,ABSENCE of soft/moist interior core; ABSENCE of liquid bleed ring; ABSENCE of gas bubbles.,"Deep through-and-through fracture canyons in a dry, rock-hard dung mass.",vs 5-E-M: 5-E-M is separated into discrete round balls; 5-E-D forms an intact pat mass with deep fracture canyons. vs sun-baked Score 3: sun-baked Score 3 has a thin top skin over moist porridge; 5-E-D is dry through-and-through.,IF breaking the crust reveals moist soft porridge inside -> NEVER assign 5-E-D (reclassify as sun-baked Score 3 or 4).,CRITICAL WEATHERING GATE: Sun-dried pats on hot concrete mimic 5-E-D. Must verify sample is fresh or internal core is dry.,"Cattle of any breed exposed to severe heat stress (Indian summer >40°C), water trough failure, or water deprivation.",Severe Whole-Body Dehydration / Heat Stress Water Crisis.,"Extreme physiological dehydration resulting from ambient heat stress, water trough failure, frozen pipes, or high-salinity water rejection. Kidneys and colon maximally conserve water, stripping all possible moisture from the digesta.",EMERGENCY,WATER_ACCESS_URGENT + VET_CALL,MANDATORY,NONE,DOC + WEB-CORROBORATED (severe dehydration causing dry fecal impaction and colonic water resorption),"EMERGENCY WATER CHECK: Inspect water troughs immediately (flow rate, cleanliness, temperature). Perform skin-tent test (>4 seconds indicates >10% dehydration). Check for sunken eyeballs and panting score.","IMMEDIATE WATER ACCESS: Check and clean all water troughs. Ensure cool, shaded, fresh drinking water with minimum flow rate of 20 liters/minute. If cows are severely dehydrated, do not allow sudden engorgement (water intoxication risk): offer 15-20 liters every 30 minutes. Provide electrolyte salts. Severely dehydrated recumbent cows require veterinary IV fluids.",12 h (verify restoration of hydration),"Sample was dropped > 4 hours ago under direct sun -> abstain, request a freshly dropped sample.",0.65
5,Dry Pelleted / Segmented,5-DRY,Straw-Based Dry Cow / Far-Off Baseline,Firm segmented dry stack passed in NORMAL VOLUME (height 2.0 to 3.5 inches); defined segmented rolls or thick segmented tiers.,"Substantial, heavy, segmented dung mass with deep surface grooving; holds circular boundary without flowing.",Completely absent; forms a heavy segmented mound.,Steep rounded cliff walls (60 to 75 degrees).,"Firm, dense, fibrous texture; moisture is low but holds together cleanly without crumbling into dust.",ZERO BLEEDING. Zero fluid separation.,Rests cleanly on straw bedding or dirt; does not stick or spread.,Dull matte fibrous sheen.,Natural matte surface. Flash produces white glints on dry fibrous ridges; recognize dry cow roughage diet.,BRN,#514332 Rich Straw Brown -> #423829 Deep Earth Brown,"#514332=(29.5, 4.8, 12.8); #423829=(24.2, 3.5, 10.5) | tolerance dE2000<=12 under a calibrated reference; <=20 uncalibrated","Rich straw brown reflects high fiber, low energy dry-cow maintenance ration. 100% PHYSIOLOGICAL AND SAFE FOR DRY COWS.",Dense masticated straw fibers (0.25 to 0.75 in / 6 to 19 mm); well digested dry roughage.,STRICTLY BUBBLE-FREE.,Clean fibrous matrix; absence of blood or acute mucus.,"Maintains firm, dense structure cleanly over several hours.",DRY COW / FAR-OFF GROUP; firm segmented mound height 2.0-3.5 in; normal high fecal volume; dull matte surface.,MUST NOT BE FRESH LACTATING COW; ABSENCE of tiny isolated horse pellets (5-E-M); ABSENCE of fluid bleed ring.,Firm segmented stack (2.0-3.5 in) in NORMAL VOLUME in a healthy pregnant dry cow.,vs 5-E-M: 5-E-M is passed in tiny volume as separate horse-like balls in sick fresh cows; 5-DRY is passed in full normal volume by healthy dry cows. vs 4-S-W: 5-DRY is firmer and more segmented.,IF cow is in early lactation (<60 DIM) -> NEVER assign 5-DRY (assign 4-S-W or 5-E-M).,PRODUCTION GROUP GATE IS MANDATORY: Confirm animal is a pregnant dry cow (far-off dry period).,"Pregnant, non-lactating dry cows (far-off dry period, 60 to 21 days before expected calving).",Normal Physiological Baseline (Far-Off Dry Cow).,"Far-off dry cows are fed high-fiber, low-energy, controlled-protein diets (bulky straw/hay + low potassium forage) to maintain rumen volume, prevent obesity, and prepare rumen papillae for transition.",NORMAL_BASELINE,NONE_CONTINUE_MONITORING,NO,NONE,DOC + WEB-CORROBORATED (Zaaijer & Noordhuizen: Score 4-5 is normal target for far-off dry dairy cows),Confirm animal is in dry cow pen. Confirm body condition score (BCS) is between 3.0 and 3.5 (prevent over-conditioning).,Optimal normal baseline for far-off dry cows. Continue current controlled-energy dry cow ration. Ensure transition to close-up ration at 21 days before calving.,Routine weekly monitoring,Animal is a high-yielding milking cow -> reclassify as 4-S-W.,0.85
5,Dry Pelleted / Segmented,5-HBS,Haemorrhagic Bowel Syndrome (Bloody Gut),"FAECAL OUTPUT NEARLY ABSENT: rectum is virtually empty; only tiny, scant (1-2 tablespoons) tenacious jelly clots passed.","Small, scant, glistening blob of dark purple-black or clotted maroon jelly, completely lacking regular dung volume.",Completely absent; amorphous clot mass.,Steep rounded gelatinous borders.,"Dense, gelatinous, rubbery blackberry-jelly consistency; thick coagulated blood and fibrin.",Dark reddish/purple serum ring staining surrounding concrete or bedding.,Adheres like thick blackberry jam to concrete or straw; scant total volume.,High glistening specular reflection from thick gelatinous clot surfaces.,"Gelatinous blood clots produce rich, deep specular highlights. Flash glare creates white points; look at dark maroon/black jelly body.",DK-RED / BLK,#2A0808 Deep Blackberry -> #1A0505 Near Black / Clotted Maroon,"#2A0808=(10.5, 14.8, 8.2); #1A0505=(6.2, 8.5, 4.1) | tolerance dE2000<=12 under a calibrated reference; <=20 uncalibrated",Dark blackberry-jelly color is caused by massive intraluminal blood clotting within the jejunum. Decisive diagnostic key is SCANT NEAR-ABSENT OUTPUT + BLOOD CLOT.,Fecal fiber is virtually absent; composed entirely of coagulated intraluminal blood clots and fibrin.,STRICTLY BUBBLE-FREE.,"MANDATORY MASSIVE COAGULATED BLOOD: Thick, rubbery, dark blackberry-jelly blood clots with heavy fibrin scaffolding.",Clot remains shiny and rubbery for 30-45 minutes before drying to dark crust.,SCANT NEAR-ZERO OUTPUT (< 2 tablespoons); thick dark blackberry-jelly coagulated blood clots; absence of normal fecal volume.,ABSENCE of normal fecal pad; ABSENCE of watery liquid spray (Score 1).,Scant blackberry-jelly blood clots with near-total absence of fecal output (HBS jejunal obstruction).,"vs 1-RED: 1-RED is passed in high volume with liquid watery fecal base; 5-HBS has near-absent volume, dry empty rectum, and thick dark bramble-jelly clots.",IF fecal volume is normal (> 2 kg) or watery liquid -> NEVER assign 5-HBS (consider 1-RED).,"Correlate with acute systemic colic signs (treading feet, kicking belly, pale gums).",High-producing adult dairy cows in early to peak lactation (first 100 DIM).,Haemorrhagic Bowel Syndrome (HBS / Jejunal Haemorrhage Syndrome JHS / Clostridium perfringens type A).,"Sudden massive localized intraluminal hemorrhage in the jejunum/ileum, driven by Clostridium perfringens type A and Aspergillus fumigatus toxins, forming an expansive obstructing blood clot that physically occludes the intestinal lumen.",EMERGENCY,ISOLATE + VET_CALL_NOW + SURGICAL_EVAL,MANDATORY,N/A: critical life-threatening emergency,"DOC + WEB-CORROBORATED (HBS classic pathology: intraluminal jejunal blood clot, complete ileus, scant blackberry-jam feces, >85% fatality without immediate intervention)","EMERGENCY VET CHECK: Transrectal palpation reveals empty rectum with tacky dark clot residue and distended loops of small intestine. Severe colic (kicking at abdomen, tachycardia >90 bpm).","LIFE-THREATENING EMERGENCY: Immediate veterinary attendance. High mortality rate (>80%). Treatment requires immediate surgical laparotomy and jejunal clot massage/enterectomy or intensive medical therapy (IV fluids, analgesia, antimicrobial therapy for C. perfringens).",Vet-directed,Output is copious and watery liquid -> reclassify as 1-RED.,0.45
